Current residence in --,Population (1yr ago) Est,MOE,Same house (1yr ago) Est,MOE,Same state of residence (1yr ago) Est,MOE,Different state of residence (1yr ago) Total Est,MOE,Alabama,MOE,Alaska,MOE,Arizona,MOE,Arkansas,MOE,California,MOE,Colorado,MOE,Connecticut,MOE,Delaware,MOE,District of Columbia ,MOE,Florida,MOE,Georgia,MOE,Hawaii,MOE,Idaho,MOE,Illinois,MOE,Indiana,MOE,Iowa,MOE,Kansas,MOE,Kentucky,MOE,Louisiana,MOE,Maine,MOE,Maryland,MOE,Massachusetts,MOE,Michigan,MOE,Minnesota,MOE,Mississippi,MOE,Missouri,MOE,Montana,MOE,Nebraska,MOE,Nevada,MOE,New Hampshire,MOE,New Jersey,MOE,New Mexico,MOE,New York,MOE,North Carolina,MOE,North Dakota,MOE,Ohio,MOE,Oklahoma,MOE,Oregon,MOE,Pennsylvania,MOE,Rhode Island,MOE,South Carolina,MOE,South Dakota,MOE,Tennessee,MOE,Texas,MOE,Utah,MOE,Vermont,MOE,Virginia,MOE,Washington,MOE,West Virginia,MOE,Wisconsin,MOE,Wyoming,MOE,Abroad(1yr ago) Est,Region
United States2,"319,361,956","+/- 30,974","272,660,098","+/- 208,903","36,952,658","+/- 198,593","7,552,536","+/- 73,712","99,892","+/- 7,271","42,074","+/- 4,504","192,103","+/- 11,736","72,033","+/- 6,995","657,690","+/- 18,597","193,179","+/- 11,032","112,914","+/- 9,320","28,742","+/- 4,020","59,972","+/- 5,669","433,452","+/- 14,337","258,942","+/- 15,064","64,119","+/- 6,040","55,772","+/- 4,979","345,528","+/- 14,879","137,409","+/- 7,537","76,999","+/- 6,375","92,821","+/- 7,545","103,370","+/- 8,375","92,190","+/- 8,198","32,973","+/- 3,936","186,118","+/- 10,688","176,873","+/- 8,438","156,354","+/- 9,660","121,583","+/- 8,586","77,509","+/- 6,994","159,177","+/- 11,968","31,479","+/- 4,671","47,456","+/- 5,284","88,563","+/- 8,182","45,628","+/- 4,655","226,830","+/- 11,598","65,578","+/- 7,115","450,136","+/- 16,495","256,563","+/- 13,176","37,658","+/- 4,510","212,041","+/- 11,667","105,685","+/- 7,270","107,169","+/- 8,047","257,792","+/- 13,407","35,606","+/- 4,619","127,686","+/- 9,009","29,654","+/- 4,035","182,813","+/- 11,834","444,340","+/- 17,603","85,803","+/- 7,290","23,693","+/- 3,631","275,671","+/- 12,730","192,362","+/- 9,698","51,476","+/- 4,475","113,882","+/- 7,025","27,184","+/- 3,871","2,196,664",All
Alabama,"4,810,126","+/- 3,913","4,141,850","+/- 18,249","529,994","+/- 17,409","122,220","+/- 9,811",N/A,N/A,576,+/- 580,"1,022",+/- 751,495,+/- 499,"6,611","+/- 2,475","2,177","+/- 1,414",566,+/- 543,0,+/- 195,97,+/- 159,"16,631","+/- 3,690","23,008","+/- 3,908","1,695","+/- 1,502",212,+/- 260,"3,707","+/- 1,438","1,445",+/- 835,671,+/- 631,"1,261",+/- 992,"1,590",+/- 836,"1,508",+/- 678,151,+/- 192,"1,903","+/- 1,127",330,+/- 303,"2,195","+/- 1,040",122,+/- 131,"7,602","+/- 2,383","2,746","+/- 1,474",294,+/- 362,33,+/- 41,254,+/- 219,0,+/- 195,812,+/- 540,826,+/- 549,"3,047","+/- 1,875","6,419","+/- 3,303",0,+/- 195,"2,694","+/- 1,223","1,169",+/- 961,498,+/- 399,"1,008",+/- 556,0,+/- 195,"2,952","+/- 1,389",52,+/- 84,"9,960","+/- 2,673","7,689","+/- 2,114",525,+/- 426,0,+/- 195,"3,535","+/- 1,406",677,+/- 615,42,+/- 56,874,+/- 478,539,+/- 691,"16,062",South_states
Alaska,"731,760","+/- 1,282","593,897","+/- 7,921","100,004","+/- 6,403","31,300","+/- 3,641",423,+/- 337,N/A,N/A,"1,176",+/- 841,65,+/- 73,"3,593","+/- 1,449","1,401",+/- 709,0,+/- 155,79,+/- 131,0,+/- 155,"1,100",+/- 545,"2,208","+/- 1,164",561,+/- 436,361,+/- 239,715,+/- 539,126,+/- 154,142,+/- 211,"1,831","+/- 1,290",703,+/- 561,273,+/- 353,147,+/- 158,0,+/- 155,44,+/- 67,133,+/- 150,236,+/- 186,92,+/- 95,281,+/- 214,832,+/- 472,0,+/- 155,534,+/- 390,32,+/- 50,270,+/- 277,198,+/- 235,910,+/- 601,714,+/- 363,58,+/- 115,100,+/- 131,806,+/- 569,"1,301",+/- 627,574,+/- 390,0,+/- 155,281,+/- 261,370,+/- 267,243,+/- 229,"1,675",+/- 763,725,+/- 695,86,+/- 104,462,+/- 392,"4,888","+/- 1,951",0,+/- 155,260,+/- 323,291,+/- 242,"6,559",West_states
Arizona,"6,851,836","+/- 4,173","5,586,753","+/- 30,225","938,077","+/- 26,500","273,257","+/- 14,805",894,+/- 543,"1,946",+/- 783,N/A,N/A,"1,205",+/- 682,"64,756","+/- 7,190","11,895","+/- 2,441","1,596",+/- 667,420,+/- 442,276,+/- 261,"9,306","+/- 2,332","4,242","+/- 1,809","2,339",+/- 901,"2,775","+/- 1,713","13,387","+/- 2,828","5,443","+/- 2,046","2,649","+/- 1,177","3,383","+/- 1,783","1,105",+/- 772,679,+/- 426,355,+/- 297,"1,467",+/- 798,"4,028","+/- 1,264","6,525","+/- 1,637","5,461","+/- 1,594",568,+/- 535,"3,708","+/- 1,154","2,414",+/- 961,"1,312",+/- 547,"7,350","+/- 1,927",224,+/- 202,"3,971","+/- 1,466","9,453","+/- 2,285","3,029",+/- 879,"4,605","+/- 1,843","1,662",+/- 763,"3,839","+/- 1,060","7,494","+/- 3,265","9,279","+/- 3,360","4,651","+/- 1,683",51,+/- 98,"1,768","+/- 1,133","2,408","+/- 1,144","1,834",+/- 867,"14,923","+/- 4,007","9,979","+/- 3,029",817,+/- 575,"8,809","+/- 3,131","13,897","+/- 3,010","1,419","+/- 1,387","6,736","+/- 1,752",925,+/- 683,"53,749",West_states
Arkansas,"2,949,650","+/- 3,135","2,484,705","+/- 17,957","384,811","+/- 15,832","71,083","+/- 6,657","2,057","+/- 1,295",103,+/- 168,836,+/- 885,N/A,N/A,"4,026","+/- 1,806","3,459","+/- 1,949",186,+/- 236,0,+/- 197,69,+/- 114,"1,351",+/- 660,"2,683","+/- 1,352",241,+/- 253,0,+/- 197,"2,594","+/- 1,065",335,+/- 334,"1,115",+/- 818,979,+/- 426,"1,356",+/- 829,"3,530","+/- 1,215",178,+/- 291,319,+/- 362,302,+/- 307,928,+/- 659,449,+/- 434,"3,699","+/- 1,986","6,911","+/- 1,722",36,+/- 59,"1,411","+/- 1,720","1,194","+/- 1,038",0,+/- 197,250,+/- 346,225,+/- 200,590,+/- 407,939,+/- 819,39,+/- 79,192,+/- 294,"5,773","+/- 1,932",389,+/- 353,"1,146","+/- 1,049",0,+/- 197,70,+/- 83,0,+/- 197,"2,635",+/- 902,"13,487","+/- 2,792",619,+/- 499,0,+/- 197,"1,333",+/- 869,"2,257","+/- 1,771",75,+/- 125,539,+/- 448,178,+/- 290,"9,051",South_states
California,"38,783,436","+/- 10,247","33,594,813","+/- 62,303","4,337,251","+/- 59,356","514,758","+/- 19,678","3,045","+/- 1,187","4,206","+/- 1,533","33,757","+/- 4,412","4,282","+/- 1,925",N/A,N/A,"22,540","+/- 4,142","2,932","+/- 1,148","1,372",+/- 789,"6,319","+/- 1,636","25,354","+/- 3,674","14,663","+/- 4,534","14,239","+/- 2,852","3,598","+/- 1,116","21,539","+/- 3,990","7,073","+/- 2,161","3,826","+/- 1,640","3,293","+/- 1,534","4,206","+/- 2,214","4,933","+/- 1,557","2,513","+/- 1,761","10,637","+/- 2,766","14,062","+/- 2,196","11,442","+/- 2,894","10,897","+/- 3,085","3,174","+/- 1,367","7,580","+/- 1,967","1,272",+/- 548,"1,876",+/- 863,"24,656","+/- 3,921",889,+/- 521,"11,988","+/- 2,400","8,087","+/- 3,044","40,877","+/- 4,862","14,268","+/- 3,593","2,664","+/- 2,344","9,652","+/- 2,165","6,023","+/- 2,392","18,919","+/- 3,317","13,090","+/- 2,523","2,265","+/- 1,211","5,137","+/- 2,222","1,333",+/- 732,"6,158","+/- 2,158","39,109","+/- 5,377","11,114","+/- 3,085",400,+/- 260,"14,348","+/- 2,852","27,973","+/- 3,808","1,150",+/- 687,"7,354","+/- 2,283","2,674","+/- 1,596","336,614",West_states
Colorado,"5,476,928","+/- 3,255","4,466,067","+/- 27,786","754,712","+/- 24,804","223,260","+/- 12,315","2,328","+/- 1,640","1,698",+/- 894,"13,015","+/- 2,851",808,+/- 631,"26,909","+/- 4,141",N/A,N/A,"2,882","+/- 1,331",0,+/- 195,"1,360",+/- 816,"13,546","+/- 2,611","6,128","+/- 2,280","2,795","+/- 2,376","1,565",+/- 686,"11,369","+/- 2,210","2,672","+/- 1,019","3,243","+/- 1,073","4,634","+/- 1,585","1,736",+/- 812,"3,361","+/- 1,402",390,+/- 353,"3,467","+/- 1,447","2,196","+/- 1,490","4,285","+/- 1,866","3,725","+/- 1,302","1,319","+/- 1,257","6,246","+/- 2,132","1,334",+/- 599,"3,050","+/- 1,041","4,366","+/- 2,474","1,360",+/- 827,"2,731","+/- 1,048","5,073","+/- 1,731","8,612","+/- 2,369","6,059","+/- 2,072","1,801",+/- 704,"3,674","+/- 1,119","3,828","+/- 1,353","3,473","+/- 1,314","4,586","+/- 1,581",63,+/- 126,"1,945","+/- 1,111","1,735","+/- 1,283","4,035","+/- 1,575","20,725","+/- 3,591","3,642","+/- 1,659",647,+/- 441,"7,148","+/- 1,776","4,487","+/- 1,772",309,+/- 316,"3,243","+/- 1,362","3,657","+/- 1,297","32,889",West_states
Connecticut,"3,541,758","+/- 2,975","3,116,440","+/- 16,535","323,316","+/- 14,648","75,586","+/- 6,930","1,102",+/- 930,331,+/- 470,309,+/- 234,960,+/- 889,"3,979","+/- 1,293",562,+/- 519,N/A,N/A,0,+/- 200,433,+/- 449,"4,629","+/- 1,503","1,129",+/- 583,449,+/- 604,0,+/- 200,"1,733","+/- 1,406",488,+/- 317,162,+/- 270,329,+/- 524,43,+/- 99,330,+/- 321,941,+/- 547,"1,716","+/- 1,020","8,519","+/- 1,969",614,+/- 438,780,+/- 395,0,+/- 200,248,+/- 265,0,+/- 200,0,+/- 200,34,+/- 55,750,+/- 455,"4,496","+/- 1,472",0,+/- 200,"22,160","+/- 3,780","1,651","+/- 1,003",64,+/- 109,"1,124",+/- 558,45,+/- 75,62,+/- 93,"3,427","+/- 1,310","3,255","+/- 1,419","1,054",+/- 714,0,+/- 200,394,+/- 433,"2,679","+/- 1,319",0,+/- 200,"1,131",+/- 560,"2,320","+/- 1,053",631,+/- 369,286,+/- 323,237,+/- 243,0,+/- 200,"26,416",Northeast_states
Delaware,"942,073","+/- 1,325","817,779","+/- 9,121","85,147","+/- 8,425","33,400","+/- 3,275",148,+/- 253,80,+/- 138,22,+/- 38,0,+/- 193,598,+/- 493,106,+/- 130,"1,263",+/- 697,N/A,N/A,113,+/- 100,708,+/- 404,293,+/- 480,68,+/- 109,30,+/- 70,953,+/- 792,26,+/- 43,0,+/- 193,0,+/- 193,36,+/- 59,0,+/- 193,116,+/- 157,"6,985","+/- 1,792",509,+/- 468,11,+/- 24,0,+/- 193,105,+/- 180,230,+/- 271,94,+/- 167,0,+/- 193,27,+/- 47,0,+/- 193,"5,656","+/- 2,329",0,+/- 193,"2,218",+/- 722,338,+/- 267,0,+/- 193,272,+/- 229,0,+/- 193,0,+/- 193,"10,139","+/- 2,345",0,+/- 193,212,+/- 183,23,+/- 37,34,+/- 59,515,+/- 506,0,+/- 193,112,+/- 185,"1,021",+/- 581,181,+/- 293,158,+/- 129,0,+/- 193,0,+/- 193,"5,747",South_states
District of Columbia ,"672,022","+/- 1,765","538,547","+/- 7,335","64,166","+/- 6,120","58,154","+/- 4,335",140,+/- 161,77,+/- 130,744,+/- 505,0,+/- 203,"3,908",+/- 974,531,+/- 459,"1,225",+/- 594,278,+/- 287,N/A,N/A,"2,717","+/- 1,021","1,105",+/- 607,103,+/- 122,0,+/- 203,"2,418",+/- 990,957,+/- 826,218,+/- 208,0,+/- 203,233,+/- 280,197,+/- 163,118,+/- 144,"12,778","+/- 2,313","1,974",+/- 731,922,+/- 395,542,+/- 341,224,+/- 218,566,+/- 456,17,+/- 30,190,+/- 266,356,+/- 402,168,+/- 268,"1,494",+/- 756,1,+/- 3,"4,762","+/- 1,210","1,367",+/- 621,83,+/- 84,659,+/- 362,122,+/- 205,125,+/- 140,"2,468",+/- 848,268,+/- 224,382,+/- 291,0,+/- 203,452,+/- 330,"2,213",+/- 909,249,+/- 292,0,+/- 203,"9,847","+/- 2,343",418,+/- 337,296,+/- 337,242,+/- 222,0,+/- 203,"11,155",South_states
Florida,"20,401,575","+/- 7,828","17,176,492","+/- 49,542","2,387,227","+/- 43,437","605,018","+/- 21,606","11,353","+/- 2,540","1,852",+/- 794,"10,312","+/- 3,126","4,136","+/- 1,736","28,420","+/- 4,643","9,880","+/- 2,134","15,285","+/- 3,533","3,143","+/- 1,203","1,752",+/- 783,N/A,N/A,"39,578","+/- 5,579","1,326",+/- 879,885,+/- 624,"23,319","+/- 4,696","14,370","+/- 2,966","6,630","+/- 2,796","2,392","+/- 1,383","8,588","+/- 2,333","5,375","+/- 2,081","2,859","+/- 1,280","17,648","+/- 3,907","19,882","+/- 3,530","19,530","+/- 3,271","6,778","+/- 2,538","6,621","+/- 2,649","11,656","+/- 2,950",677,+/- 535,"1,870","+/- 1,502","4,273","+/- 1,653","5,292","+/- 1,776","33,966","+/- 5,116","3,091","+/- 1,381","60,472","+/- 6,197","28,726","+/- 5,060","1,127",+/- 982,"29,655","+/- 4,691","3,124","+/- 1,309","1,258",+/- 575,"30,258","+/- 5,198","4,894","+/- 1,953","15,904","+/- 3,531",535,+/- 527,"18,647","+/- 3,642","31,153","+/- 3,748","3,531","+/- 2,094","1,627",+/- 754,"29,485","+/- 5,769","6,152","+/- 2,105","3,979","+/- 1,674","11,298","+/- 3,052",454,+/- 351,"232,838",South_states
Georgia,"10,179,860","+/- 6,234","8,514,847","+/- 32,855","1,290,632","+/- 29,551","305,040","+/- 15,456","18,276","+/- 4,471","1,287",+/- 906,"3,901","+/- 1,856","2,388","+/- 1,485","18,948","+/- 3,839","3,337","+/- 1,024","6,077","+/- 3,598","1,294","+/- 1,115","1,473","+/- 1,321","44,846","+/- 5,974",N/A,N/A,768,+/- 453,935,+/- 704,"7,630","+/- 2,331","1,872",+/- 749,"2,123","+/- 1,435","2,003","+/- 1,143","4,049","+/- 1,553","6,951","+/- 2,951",815,+/- 638,"6,600","+/- 1,921","5,727","+/- 2,750","4,744","+/- 1,556","3,166","+/- 1,621","5,796","+/- 2,585","3,775","+/- 1,620",294,+/- 286,566,+/- 466,900,+/- 672,577,+/- 494,"5,201","+/- 1,970","1,188",+/- 946,"24,772","+/- 5,062","17,750","+/- 3,041",436,+/- 302,"11,319","+/- 4,784","1,932","+/- 1,001","2,212","+/- 1,301","8,370","+/- 2,466",399,+/- 467,"11,199","+/- 2,663",336,+/- 438,"20,161","+/- 3,555","19,994","+/- 4,807",923,+/- 642,730,+/- 907,"11,597","+/- 3,266","3,270","+/- 1,154",838,+/- 454,"1,273",+/- 495,22,+/- 37,"69,341",South_states
Hawaii,"1,410,258","+/- 1,894","1,217,704","+/- 11,310","117,894","+/- 10,811","57,229","+/- 6,791","1,182",+/- 903,672,+/- 597,"1,852","+/- 1,155",155,+/- 251,"13,047","+/- 3,210","1,643",+/- 860,269,+/- 294,54,+/- 90,458,+/- 364,"2,113","+/- 1,267","2,487","+/- 1,286",N/A,N/A,94,+/- 146,"2,301","+/- 1,816",930,"+/- 1,033",50,+/- 93,706,+/- 468,265,+/- 374,305,+/- 377,0,+/- 185,"1,098","+/- 1,053",487,+/- 332,379,+/- 446,464,+/- 494,48,+/- 94,204,+/- 336,282,+/- 305,190,+/- 244,"1,491","+/- 1,033",0,+/- 185,723,+/- 747,841,+/- 969,"1,654",+/- 953,"2,395","+/- 1,134",0,+/- 185,602,+/- 398,0,+/- 185,883,+/- 490,836,+/- 542,340,+/- 286,"2,528","+/- 2,391",0,+/- 185,"1,582","+/- 1,734","4,485","+/- 1,946",589,+/- 531,83,+/- 138,"2,033",+/- 870,"4,355","+/- 1,964",20,+/- 46,54,+/- 104,0,+/- 185,"17,431",West_states
Idaho,"1,663,756","+/- 2,007","1,369,449","+/- 15,368","214,222","+/- 12,941","71,556","+/- 7,065",0,+/- 198,"1,638",+/- 819,"4,322","+/- 1,541",341,+/- 483,"17,019","+/- 4,007","3,072","+/- 2,010",49,+/- 81,0,+/- 198,0,+/- 198,"1,356",+/- 723,458,+/- 328,"1,113",+/- 631,N/A,N/A,757,+/- 701,158,+/- 255,480,+/- 514,133,+/- 178,188,+/- 379,379,+/- 245,200,+/- 217,281,+/- 344,423,+/- 361,382,+/- 421,426,+/- 425,0,+/- 198,390,+/- 324,"1,425",+/- 936,65,+/- 74,"3,300","+/- 1,611",46,+/- 64,284,+/- 353,"1,508","+/- 1,556",671,+/- 513,"2,116","+/- 1,254",708,+/- 480,381,+/- 346,178,+/- 173,"2,836",+/- 923,"1,062",+/- 539,0,+/- 198,93,+/- 107,142,+/- 237,60,+/- 115,"2,606","+/- 1,122","7,405","+/- 2,129",0,+/- 198,401,+/- 681,"9,303","+/- 2,272",122,+/- 212,249,+/- 313,"3,030","+/- 1,721","8,529",West_states
Illinois,"12,654,142","+/- 5,822","10,996,695","+/- 35,598","1,387,848","+/- 31,048","203,713","+/- 9,123","2,022","+/- 1,150",578,+/- 490,"5,251","+/- 2,334","1,288",+/- 628,"15,163","+/- 2,951","3,257","+/- 1,208","1,297",+/- 601,205,+/- 347,"1,083",+/- 424,"13,021","+/- 2,986","6,739","+/- 1,950",627,+/- 500,724,+/- 648,N/A,N/A,"15,203","+/- 2,458","9,541","+/- 2,230","2,683","+/- 1,069","3,791","+/- 1,575","1,219",+/- 469,180,+/- 150,"2,140",+/- 945,"3,651","+/- 1,016","8,176","+/- 2,092","3,566","+/- 1,265","1,608",+/- 826,"16,251","+/- 2,959",530,+/- 455,"1,214",+/- 714,"1,476",+/- 691,741,+/- 457,"2,733","+/- 1,007",309,+/- 234,"7,566","+/- 1,425","4,379","+/- 1,668",372,+/- 333,"7,260","+/- 1,688",732,+/- 394,"1,025",+/- 830,"3,809","+/- 1,322",358,+/- 292,954,+/- 565,447,+/- 401,"6,928","+/- 2,136","13,290","+/- 2,740","1,211",+/- 729,919,"+/- 1,427","7,822","+/- 2,384","3,628","+/- 1,211",880,+/- 683,"15,595","+/- 2,278",271,+/- 303,"65,886",Midwest_states
Indiana,"6,554,084","+/- 4,241","5,580,090","+/- 26,152","801,425","+/- 26,459","145,782","+/- 9,568","1,133",+/- 715,495,+/- 477,"1,185",+/- 650,"1,308",+/- 707,"6,970","+/- 1,977","1,513",+/- 936,884,+/- 548,401,+/- 330,64,+/- 113,"10,994","+/- 3,072","4,503","+/- 1,793","1,426","+/- 1,525",217,+/- 247,"29,883","+/- 4,089",N/A,N/A,"1,496",+/- 829,"1,520",+/- 664,"9,978","+/- 2,110",584,+/- 319,712,+/- 406,"1,521",+/- 775,926,+/- 478,"8,950","+/- 2,085","1,989",+/- 737,"1,568",+/- 653,"2,363","+/- 1,023",0,+/- 192,108,+/- 128,480,+/- 437,575,+/- 785,"4,923","+/- 2,661",645,+/- 674,"2,583","+/- 1,042","4,496","+/- 3,074",498,+/- 418,"13,303","+/- 2,995",645,+/- 447,"1,386","+/- 1,015","2,165",+/- 921,0,+/- 192,"1,630","+/- 1,145",0,+/- 192,"2,979",+/- 951,"9,403","+/- 3,865",254,+/- 245,119,+/- 199,"3,188","+/- 1,221","1,203",+/- 801,156,+/- 142,"2,460",+/- 998,0,+/- 192,"26,787",Midwest_states
Iowa,"3,097,283","+/- 2,760","2,622,577","+/- 14,595","383,520","+/- 13,922","78,263","+/- 5,607",395,+/- 298,662,+/- 675,"1,556",+/- 770,315,+/- 323,"2,380",+/- 827,"3,478","+/- 1,391",60,+/- 99,0,+/- 159,14,+/- 25,"1,749",+/- 810,866,+/- 593,30,+/- 53,566,+/- 491,"14,948","+/- 3,015","1,876",+/- 678,N/A,N/A,"1,871",+/- 869,"1,255",+/- 750,573,+/- 318,410,+/- 290,538,+/- 449,170,+/- 160,944,+/- 475,"7,633","+/- 1,823",594,+/- 369,"6,509","+/- 2,121",301,+/- 225,"6,812","+/- 1,599",702,+/- 476,77,+/- 132,"1,028",+/- 569,412,+/- 378,807,+/- 411,"1,755",+/- 992,"1,008",+/- 623,"1,261",+/- 703,754,+/- 480,16,+/- 27,710,+/- 385,25,+/- 39,138,+/- 231,"1,192",+/- 564,"1,256",+/- 736,"3,437","+/- 1,359",496,+/- 278,137,+/- 190,663,+/- 475,"1,662",+/- 872,203,+/- 255,"3,848","+/- 1,011",171,+/- 185,"12,923",Midwest_states
Kansas,"2,870,529","+/- 2,533","2,394,351","+/- 14,952","369,971","+/- 12,594","88,830","+/- 6,459",879,+/- 771,291,+/- 307,"2,664","+/- 1,167","1,526",+/- 624,"4,526","+/- 1,461","5,355","+/- 1,640",0,+/- 174,0,+/- 174,94,+/- 164,"2,944","+/- 1,445","2,403",+/- 980,245,+/- 272,97,+/- 134,"2,545","+/- 1,255",735,+/- 861,"2,467","+/- 1,104",N/A,N/A,525,+/- 417,402,+/- 370,0,+/- 174,672,+/- 573,"1,237",+/- 688,152,+/- 182,"1,192",+/- 621,251,+/- 259,"22,577","+/- 4,258",683,+/- 612,"2,821","+/- 1,020",247,+/- 233,0,+/- 174,900,+/- 774,401,+/- 348,"2,807","+/- 1,496","1,625","+/- 1,217",373,+/- 378,735,+/- 446,"5,607","+/- 1,307",570,+/- 412,465,+/- 286,384,+/- 625,176,+/- 197,584,+/- 564,"1,754","+/- 1,163","10,102","+/- 2,109",845,+/- 616,71,+/- 127,"1,812",+/- 956,"1,885","+/- 1,158",0,+/- 174,125,+/- 158,79,+/- 93,"17,377",Midwest_states
Kentucky,"4,385,213","+/- 2,955","3,698,797","+/- 19,715","553,718","+/- 18,441","113,238","+/- 7,668","2,272",+/- 934,361,+/- 316,"1,177",+/- 737,756,+/- 543,"6,594","+/- 2,024","2,721","+/- 1,140",329,+/- 406,0,+/- 190,0,+/- 190,"9,255","+/- 2,269","4,845","+/- 1,580",103,+/- 156,0,+/- 190,"6,394","+/- 1,591","10,990","+/- 2,072",709,+/- 436,"1,503","+/- 1,013",N/A,N/A,"1,358","+/- 1,553",411,+/- 427,"1,087",+/- 711,530,+/- 286,"3,005",+/- 987,947,+/- 462,"1,710","+/- 1,195","2,379","+/- 1,427",30,+/- 48,103,+/- 127,695,+/- 583,679,+/- 606,572,+/- 447,101,+/- 176,"3,404","+/- 1,351","3,557","+/- 1,633",282,+/- 429,"13,426","+/- 2,495",600,+/- 477,285,+/- 245,"2,084","+/- 1,133",0,+/- 190,"1,375",+/- 839,318,+/- 357,"12,132","+/- 2,644","5,585","+/- 1,792",874,+/- 791,0,+/- 190,"3,145","+/- 1,429",313,+/- 268,"2,929","+/- 1,153","1,313",+/- 618,0,+/- 190,"19,460",South_states
Louisiana,"4,622,042","+/- 3,291","3,994,321","+/- 24,494","526,380","+/- 22,229","85,371","+/- 7,322","5,658","+/- 2,048",359,+/- 361,857,+/- 607,"1,471",+/- 695,"4,654","+/- 1,462","2,529","+/- 1,445",192,+/- 171,0,+/- 208,54,+/- 91,"3,597","+/- 1,268","3,280","+/- 1,745",292,+/- 372,464,+/- 479,"2,556","+/- 1,202",270,+/- 202,"1,315","+/- 1,364","1,497","+/- 1,028",276,+/- 200,N/A,N/A,35,+/- 59,248,+/- 217,"1,024",+/- 923,"1,026",+/- 582,415,+/- 476,"8,208","+/- 2,435","1,005",+/- 427,606,+/- 801,145,+/- 234,112,+/- 138,0,+/- 208,552,+/- 454,158,+/- 204,"1,882",+/- 723,"4,565","+/- 2,051",0,+/- 208,"1,373",+/- 779,"1,807","+/- 1,352",607,+/- 644,965,+/- 559,170,+/- 244,992,+/- 609,118,+/- 190,"2,184","+/- 1,217","21,925","+/- 4,335",280,+/- 167,122,+/- 108,"2,548","+/- 1,618","1,516",+/- 855,586,+/- 792,714,+/- 399,162,+/- 168,"15,970",South_states
Maine,"1,319,292","+/- 1,668","1,146,220","+/- 8,252","129,892","+/- 6,745","38,590","+/- 4,947",471,+/- 425,7,+/- 16,257,+/- 247,0,+/- 172,"1,315",+/- 619,407,+/- 271,"1,664",+/- 822,26,+/- 45,162,+/- 168,"2,967","+/- 1,137",248,+/- 213,579,+/- 942,13,+/- 30,448,+/- 384,114,+/- 172,473,+/- 588,41,+/- 69,429,+/- 404,118,+/- 120,N/A,N/A,332,+/- 242,"7,799","+/- 2,010",256,+/- 329,224,+/- 204,0,+/- 172,"1,163","+/- 1,735",26,+/- 50,0,+/- 172,0,+/- 172,"5,649","+/- 1,651","1,888","+/- 1,004",160,+/- 202,"1,896",+/- 696,"1,042",+/- 581,429,+/- 664,236,+/- 209,143,+/- 209,188,+/- 199,986,+/- 485,"1,150",+/- 729,345,+/- 217,0,+/- 172,461,+/- 449,610,+/- 433,589,+/- 645,661,+/- 518,"1,276",+/- 750,907,+/- 474,107,+/- 176,328,+/- 388,0,+/- 172,"4,590",Northeast_states
Maryland,"5,949,566","+/- 4,278","5,140,378","+/- 24,631","606,423","+/- 22,556","158,647","+/- 9,687","1,241",+/- 626,53,+/- 85,940,+/- 515,349,+/- 341,"6,348","+/- 1,877","2,210","+/- 1,082",707,+/- 348,"5,674","+/- 1,793","19,754","+/- 3,446","10,887","+/- 2,403","6,942","+/- 2,429","1,595","+/- 1,080",108,+/- 182,"1,193",+/- 491,468,+/- 327,326,+/- 278,655,+/- 536,701,+/- 655,406,+/- 298,281,+/- 275,N/A,N/A,"2,559",+/- 722,"2,149","+/- 1,040",661,+/- 399,"1,246","+/- 1,447",515,+/- 318,65,+/- 113,427,+/- 634,512,+/- 400,61,+/- 102,"7,411","+/- 1,623","1,416",+/- 745,"11,622","+/- 2,762","7,845","+/- 2,116",62,+/- 105,"4,295","+/- 1,625",382,+/- 323,522,+/- 427,"13,462","+/- 2,112",928,+/- 813,"1,651",+/- 620,198,+/- 286,"2,288","+/- 1,307","5,229","+/- 1,431",387,+/- 325,347,+/- 517,"23,926","+/- 4,326","2,176","+/- 1,022","4,744","+/- 1,540",723,+/- 484,0,+/- 198,"44,118",South_states
Massachusetts,"6,745,441","+/- 3,674","5,866,016","+/- 20,917","657,022","+/- 16,439","149,408","+/- 9,363",681,+/- 410,115,+/- 195,"2,511","+/- 1,147",388,+/- 431,"12,831","+/- 2,067","3,046","+/- 1,894","11,229","+/- 2,563",308,+/- 317,"1,398",+/- 605,"11,295","+/- 2,287","2,517","+/- 1,142",457,+/- 359,96,+/- 102,"6,227","+/- 2,262","1,282",+/- 696,378,+/- 378,"1,021",+/- 940,689,+/- 449,890,"+/- 1,134","3,360","+/- 1,014","2,836",+/- 986,N/A,N/A,"1,629",+/- 579,561,+/- 305,50,+/- 81,"1,259",+/- 751,0,+/- 203,598,+/- 535,355,+/- 338,"10,579","+/- 2,412","5,980","+/- 1,483",799,+/- 568,"21,876","+/- 3,420","3,661","+/- 1,272",0,+/- 203,"2,259",+/- 721,"1,180",+/- 999,699,+/- 450,"7,188","+/- 1,623","9,776","+/- 2,520","1,720",+/- 783,137,+/- 225,780,+/- 429,"3,446","+/- 1,163",524,+/- 435,"3,226","+/- 1,193","4,166","+/- 1,781","1,463",+/- 662,292,+/- 212,"1,484","+/- 1,019",166,+/- 255,"72,995",Northeast_states
Michigan,"9,813,772","+/- 4,749","8,362,412","+/- 27,022","1,240,633","+/- 24,949","155,874","+/- 9,738","2,287","+/- 1,871",285,+/- 224,"4,061","+/- 1,513",806,+/- 544,"8,001","+/- 1,571","2,120",+/- 808,912,+/- 631,286,+/- 348,642,+/- 372,"14,302","+/- 2,710","6,090","+/- 2,064",410,+/- 314,"2,441","+/- 1,992","13,818","+/- 2,445","10,775","+/- 2,300",613,+/- 496,669,+/- 452,"2,351",+/- 811,643,+/- 493,444,+/- 460,"2,091","+/- 1,140","2,604",+/- 990,N/A,N/A,"2,661","+/- 1,062","2,885","+/- 2,066","3,217","+/- 1,537","1,156","+/- 1,491",963,+/- 633,"1,742",+/- 671,384,+/- 380,"2,295","+/- 1,336",85,+/- 100,"6,627","+/- 2,083","5,848","+/- 1,747",120,+/- 111,"16,222","+/- 2,886",984,+/- 546,743,+/- 542,"3,144",+/- 810,447,+/- 419,"2,129",+/- 942,80,+/- 104,"5,154","+/- 1,341","10,484","+/- 2,463",718,+/- 440,424,+/- 409,"1,989",+/- 780,"1,849",+/- 794,435,+/- 278,"5,058","+/- 1,238","1,380",+/- 716,"54,853",Midwest_states
Minnesota,"5,455,904","+/- 2,872","4,669,227","+/- 18,130","645,164","+/- 16,382","111,307","+/- 7,183",115,+/- 152,334,+/- 242,"4,475","+/- 1,686",484,+/- 332,"6,232","+/- 1,483","4,691","+/- 1,941",407,+/- 322,65,+/- 106,239,+/- 236,"2,999","+/- 1,126","2,468","+/- 1,474",393,+/- 340,407,+/- 500,"9,753","+/- 2,693","1,769",+/- 749,"5,329","+/- 1,277","2,295","+/- 1,777",491,+/- 374,488,+/- 355,115,+/- 136,730,+/- 444,"1,141",+/- 643,"2,240",+/- 895,N/A,N/A,137,+/- 128,"2,321",+/- 836,541,+/- 399,"1,973",+/- 816,561,+/- 414,175,+/- 222,417,+/- 331,255,+/- 237,"1,626",+/- 834,"1,307",+/- 652,"10,745","+/- 1,944","2,570","+/- 1,014","1,542",+/- 853,"1,060",+/- 431,"1,180",+/- 673,0,+/- 149,403,+/- 401,"5,127","+/- 1,522","1,393",+/- 797,"4,849","+/- 1,742","1,828","+/- 1,531",40,+/- 65,"1,071",+/- 531,"2,666",+/- 954,331,+/- 427,"18,683","+/- 2,323",846,+/- 697,"30,206",Midwest_states
Mississippi,"2,951,081","+/- 3,274","2,556,013","+/- 17,776","324,577","+/- 14,529","64,639","+/- 6,777","5,125","+/- 1,474",0,+/- 213,544,+/- 446,"3,244","+/- 1,378","4,317","+/- 1,316",441,+/- 286,101,+/- 195,0,+/- 213,182,+/- 305,"4,046","+/- 1,124","2,150","+/- 1,352",389,+/- 340,908,"+/- 1,237","3,383","+/- 1,617",814,+/- 871,163,+/- 165,203,+/- 266,"1,623","+/- 1,368","5,777","+/- 2,114",0,+/- 213,519,+/- 519,58,+/- 92,"1,298",+/- 791,81,+/- 97,N/A,N/A,"1,034",+/- 500,29,+/- 49,721,+/- 827,465,+/- 457,82,+/- 122,199,+/- 325,155,+/- 168,570,+/- 448,"2,485","+/- 1,360",24,+/- 44,"1,204",+/- 668,765,+/- 482,617,+/- 405,737,+/- 566,12,+/- 23,"1,129","+/- 1,014",0,+/- 213,"10,017","+/- 2,791","4,046","+/- 1,310",48,+/- 79,0,+/- 213,"1,230",+/- 620,"1,989","+/- 1,716",260,+/- 268,"1,455",+/- 836,0,+/- 213,"5,852",South_states
Missouri,"6,022,165","+/- 4,040","5,078,669","+/- 22,798","758,791","+/- 18,896","162,809","+/- 8,925","2,283","+/- 1,509","1,288","+/- 1,066","2,958","+/- 1,328","8,523","+/- 2,054","7,037","+/- 1,651","4,960","+/- 1,529",445,+/- 555,651,+/- 717,266,+/- 254,"5,881","+/- 2,058","3,902","+/- 1,387",508,+/- 473,535,+/- 405,"25,906","+/- 3,565","2,622",+/- 999,"5,799","+/- 1,619","19,812","+/- 2,748","2,895","+/- 1,414","2,873","+/- 1,350",221,+/- 239,"1,244",+/- 664,688,+/- 576,"4,371","+/- 2,413","1,893",+/- 694,"2,988","+/- 1,270",N/A,N/A,0,+/- 187,"2,764",+/- 826,"1,194",+/- 708,142,+/- 272,630,+/- 419,"1,045",+/- 703,"2,519",+/- 826,"1,802",+/- 798,815,+/- 686,"3,333","+/- 1,551","4,221","+/- 1,277","1,734",+/- 771,"3,053","+/- 1,924",117,+/- 198,"2,490","+/- 2,100",838,+/- 541,"4,026","+/- 1,518","11,488","+/- 2,510","1,272","+/- 1,635",61,+/- 101,"2,918","+/- 1,222","2,916","+/- 1,404",514,+/- 395,"1,828",+/- 821,540,+/- 449,"21,896",Midwest_states
Montana,"1,032,794","+/- 1,223","863,174","+/- 7,519","128,300","+/- 7,323","37,775","+/- 4,095",296,+/- 180,608,+/- 461,"1,416",+/- 639,340,+/- 304,"5,173","+/- 1,484","2,521",+/- 951,69,+/- 96,0,+/- 168,0,+/- 168,714,+/- 440,390,+/- 326,18,+/- 38,"1,744",+/- 882,"1,171",+/- 861,284,+/- 417,114,+/- 180,240,+/- 291,43,+/- 56,285,+/- 344,11,+/- 18,750,+/- 917,77,+/- 132,234,+/- 169,"2,089","+/- 1,173",359,+/- 436,158,+/- 162,N/A,N/A,115,+/- 180,979,"+/- 1,013",21,+/- 42,0,+/- 168,694,+/- 822,142,+/- 150,350,+/- 231,"1,378",+/- 802,174,+/- 208,919,+/- 698,"1,636",+/- 777,428,+/- 320,0,+/- 168,288,+/- 291,160,+/- 148,138,+/- 151,"2,177","+/- 1,163","1,343",+/- 746,114,+/- 189,0,+/- 168,"5,132","+/- 1,568",110,+/- 162,939,+/- 638,"1,434",+/- 692,"3,545",West_states
Nebraska,"1,882,987","+/- 1,995","1,573,126","+/- 12,455","248,118","+/- 11,217","51,448","+/- 5,875",227,+/- 309,549,+/- 517,"1,264",+/- 684,568,+/- 467,"3,661","+/- 1,468","5,557","+/- 1,292","1,269","+/- 2,059",46,+/- 62,70,+/- 104,"2,364","+/- 1,165",861,"+/- 1,209",155,+/- 153,442,+/- 425,"2,415","+/- 1,125",381,+/- 408,"5,863","+/- 1,821","3,393","+/- 1,950",182,+/- 168,126,+/- 157,22,+/- 39,669,+/- 486,143,+/- 138,660,+/- 360,"1,656",+/- 680,455,+/- 551,"2,193","+/- 1,196",164,+/- 198,N/A,N/A,589,+/- 569,255,+/- 413,852,+/- 631,386,+/- 372,585,+/- 367,466,+/- 299,676,+/- 561,297,+/- 247,751,+/- 448,314,+/- 263,483,+/- 331,988,+/- 741,502,+/- 451,"1,617",+/- 650,270,+/- 192,"2,702",+/- 974,"1,064","+/- 1,056",0,+/- 159,935,+/- 624,812,+/- 413,45,+/- 74,223,+/- 166,"1,281",+/- 872,"10,295",Midwest_states
Nevada,"2,907,243","+/- 2,819","2,400,809","+/- 18,901","374,058","+/- 17,993","117,899","+/- 7,370",394,+/- 300,562,+/- 421,"5,741","+/- 1,915",534,+/- 356,"45,482","+/- 6,503","3,293","+/- 1,299",499,+/- 420,97,+/- 160,0,+/- 210,"4,997","+/- 1,927","2,474","+/- 1,323","6,067","+/- 2,837","1,013",+/- 672,"2,963","+/- 1,384",835,+/- 562,737,+/- 631,727,+/- 518,"1,268","+/- 1,087",714,+/- 589,493,+/- 660,258,+/- 224,391,+/- 351,"2,272","+/- 1,037","1,320",+/- 579,138,+/- 140,"1,151",+/- 915,664,+/- 688,492,+/- 311,N/A,N/A,221,+/- 240,"2,467","+/- 1,391","1,406",+/- 843,"4,742","+/- 2,524","1,268",+/- 708,333,+/- 493,"1,074",+/- 549,221,+/- 190,906,+/- 368,"1,016",+/- 696,218,+/- 261,"1,310",+/- 937,777,+/- 613,"1,189",+/- 794,"3,343",+/- 890,"3,260","+/- 1,233",37,+/- 61,"1,307",+/- 827,"4,639","+/- 1,792",14,+/- 19,889,+/- 738,"1,686","+/- 1,713","14,477",West_states
New Hampshire,"1,322,101","+/- 1,298","1,122,068","+/- 9,993","140,603","+/- 8,528","52,457","+/- 5,343",174,+/- 262,740,+/- 831,678,+/- 689,0,+/- 187,953,+/- 728,"1,008",+/- 647,"2,435",+/- 816,0,+/- 187,83,+/- 96,"2,128",+/- 712,"1,174",+/- 761,360,+/- 478,125,+/- 186,144,+/- 179,197,+/- 214,237,+/- 309,317,+/- 498,0,+/- 187,29,+/- 53,"3,353","+/- 1,624",647,+/- 496,"21,063","+/- 2,804",409,+/- 247,247,+/- 291,368,+/- 520,364,+/- 405,32,+/- 54,90,+/- 121,398,+/- 426,N/A,N/A,396,+/- 356,0,+/- 187,"3,869","+/- 1,076","1,113","+/- 1,028",0,+/- 187,416,+/- 315,67,+/- 116,0,+/- 187,"1,799","+/- 1,820",932,+/- 626,0,+/- 187,0,+/- 187,95,+/- 127,"1,527","+/- 1,098",613,+/- 416,"2,789",+/- 937,696,+/- 547,11,+/- 22,297,+/- 218,84,+/- 93,0,+/- 187,"6,973",Northeast_states
New Jersey,"8,852,286","+/- 5,371","7,934,689","+/- 25,558","703,637","+/- 23,786","144,359","+/- 9,330",48,+/- 80,299,+/- 443,"1,013",+/- 889,137,+/- 147,"8,239","+/- 1,820","1,364",+/- 761,"3,884","+/- 1,579","1,809",+/- 867,736,+/- 636,"10,399","+/- 2,679","2,985","+/- 1,351",551,+/- 665,0,+/- 200,"1,633",+/- 713,"1,147","+/- 1,111",110,+/- 116,560,+/- 481,138,+/- 170,567,+/- 397,483,+/- 442,"5,168","+/- 1,877","3,458","+/- 1,125","1,445",+/- 715,508,+/- 444,267,+/- 238,"1,410",+/- 903,479,+/- 427,290,+/- 462,365,+/- 283,112,+/- 147,N/A,N/A,141,+/- 143,"48,558","+/- 5,393","3,436","+/- 1,600",263,+/- 243,"2,166","+/- 2,330",285,+/- 315,192,+/- 275,"23,566","+/- 3,120",129,+/- 127,"1,520",+/- 966,318,+/- 379,"1,608","+/- 1,252","5,554","+/- 1,635",104,+/- 132,360,+/- 417,"5,341","+/- 2,149",534,+/- 443,350,+/- 298,330,+/- 273,0,+/- 200,"69,601",Northeast_states
New Mexico,"2,057,857","+/- 2,689","1,768,040","+/- 12,935","214,411","+/- 11,952","64,802","+/- 5,735",732,+/- 898,749,+/- 790,"7,350","+/- 2,481",552,+/- 880,"4,939","+/- 1,590","4,293","+/- 1,519",305,+/- 324,308,+/- 395,105,+/- 180,"2,411","+/- 1,117",894,+/- 737,429,+/- 434,382,+/- 472,452,+/- 415,324,+/- 312,105,+/- 135,292,+/- 284,338,+/- 371,469,+/- 313,353,+/- 380,"1,546",+/- 882,482,+/- 500,"1,390",+/- 780,811,+/- 532,0,+/- 195,"1,700","+/- 1,835",170,+/- 193,0,+/- 195,"1,319","+/- 1,268",629,+/- 519,397,+/- 343,N/A,N/A,"1,638",+/- 944,987,+/- 929,0,+/- 195,869,+/- 584,"1,022",+/- 573,884,+/- 973,"1,748","+/- 1,176",3,+/- 8,585,+/- 868,10,+/- 16,"1,723","+/- 1,112","17,155","+/- 3,861",625,+/- 411,0,+/- 195,801,+/- 644,"1,843",+/- 966,153,+/- 250,332,+/- 384,198,+/- 185,"10,604",West_states
New York,"19,526,443","+/- 6,611","17,465,164","+/- 35,945","1,634,487","+/- 32,252","260,723","+/- 11,746",402,+/- 277,421,+/- 271,"4,971","+/- 1,690",755,+/- 537,"22,626","+/- 2,781","3,463","+/- 1,055","16,339","+/- 2,543","1,069",+/- 840,"3,042","+/- 1,012","23,515","+/- 3,562","5,180","+/- 1,421","1,534",+/- 830,573,+/- 590,"8,949","+/- 2,095","2,462","+/- 1,218",375,+/- 266,479,+/- 404,"1,688",+/- 951,"2,095",+/- 972,"1,596",+/- 645,"8,332","+/- 2,072","17,877","+/- 2,859","3,551","+/- 1,092","1,309",+/- 695,802,+/- 700,"2,918","+/- 1,155",132,+/- 142,181,+/- 200,435,+/- 353,"2,044",+/- 822,"33,747","+/- 3,965",665,+/- 502,N/A,N/A,"9,471","+/- 2,072",306,+/- 300,"6,648","+/- 1,349","1,396",+/- 606,"2,506","+/- 1,041","22,933","+/- 3,217","1,006",+/- 538,"4,716","+/- 2,148",159,+/- 159,"3,661","+/- 1,167","9,368","+/- 1,897","1,068",+/- 619,"3,895","+/- 1,481","10,761","+/- 2,067","4,929","+/- 1,318","1,503","+/- 1,415","2,787","+/- 1,072",83,+/- 103,"166,069",Northeast_states
North Carolina,"10,032,407","+/- 5,350","8,460,264","+/- 33,199","1,190,972","+/- 27,274","330,896","+/- 14,462","3,491","+/- 1,552","2,059","+/- 1,052","3,539","+/- 1,228","1,135",+/- 644,"17,653","+/- 2,958","4,285","+/- 1,353","7,425","+/- 2,315",955,+/- 841,"1,737",+/- 813,"32,234","+/- 4,173","24,882","+/- 4,888","1,365",+/- 858,"1,267",+/- 855,"8,568","+/- 1,928","4,211","+/- 1,981",480,+/- 365,"2,245","+/- 1,799","3,409","+/- 1,504","2,562","+/- 1,282","1,324",+/- 947,"9,671","+/- 1,818","5,116","+/- 1,978","6,818","+/- 2,370","1,782",+/- 834,"1,509","+/- 1,008","4,563","+/- 2,065",139,+/- 178,164,+/- 195,"2,111",+/- 987,"1,548",+/- 652,"11,706","+/- 2,825",462,+/- 357,"29,702","+/- 4,307",N/A,N/A,668,+/- 510,"9,665","+/- 2,081","2,997","+/- 1,582","1,263",+/- 743,"13,506","+/- 2,292",897,+/- 705,"32,088","+/- 5,480",743,+/- 701,"8,233","+/- 2,559","11,981","+/- 2,487","1,271",+/- 845,608,+/- 492,"35,641","+/- 5,098","4,751","+/- 2,008","3,722","+/- 1,222","2,600","+/- 1,205",145,+/- 175,"50,275",South_states
North Dakota,"746,271","+/- 1,202","620,891","+/- 7,724","91,010","+/- 6,382","29,655","+/- 3,868",193,+/- 234,151,+/- 115,681,+/- 660,144,+/- 217,"1,797","+/- 1,450",500,+/- 389,34,+/- 71,0,+/- 155,0,+/- 155,230,+/- 200,196,+/- 248,16,+/- 34,513,+/- 402,631,+/- 796,132,+/- 161,149,+/- 175,181,+/- 169,86,+/- 153,249,+/- 303,0,+/- 155,0,+/- 155,62,+/- 104,369,+/- 392,"11,684","+/- 2,247",422,+/- 372,563,+/- 420,"1,307",+/- 635,922,"+/- 1,102",183,+/- 235,385,+/- 449,576,+/- 758,144,+/- 136,133,+/- 166,162,+/- 285,N/A,N/A,174,+/- 143,339,+/- 336,347,+/- 476,28,+/- 39,0,+/- 155,0,+/- 155,"2,377",+/- 843,177,+/- 170,"1,378",+/- 683,38,+/- 57,0,+/- 155,251,+/- 318,709,+/- 552,144,+/- 234,556,+/- 273,342,+/- 234,"4,715",Midwest_states
Ohio,"11,481,752","+/- 4,551","9,755,589","+/- 33,208","1,482,286","+/- 29,906","195,396","+/- 9,185","3,101","+/- 1,343",169,+/- 173,"2,620","+/- 1,632",873,+/- 690,"11,777","+/- 2,353","3,265","+/- 1,806","1,340",+/- 509,452,+/- 400,784,+/- 399,"15,087","+/- 2,583","3,987","+/- 2,101",771,+/- 638,31,+/- 57,"12,463","+/- 2,480","11,578","+/- 2,314",389,+/- 255,"1,622","+/- 1,477","10,952","+/- 2,535","2,017","+/- 1,890",509,+/- 382,"2,611",+/- 929,"2,462",+/- 943,"13,107","+/- 2,645","2,793","+/- 1,023",605,+/- 520,"2,206","+/- 1,231",617,+/- 675,410,+/- 337,"2,132","+/- 1,241","1,068",+/- 956,"4,520","+/- 1,613",551,+/- 438,"9,518","+/- 2,457","8,822","+/- 2,918",292,+/- 338,N/A,N/A,"2,210","+/- 1,311","1,483",+/- 937,"14,425","+/- 2,284",667,"+/- 1,056","2,487",+/- 910,217,+/- 260,"7,805","+/- 2,468","8,712","+/- 2,634","1,622","+/- 1,059",435,+/- 424,"5,844","+/- 2,030","3,423","+/- 1,239","8,726","+/- 1,631","1,660",+/- 554,179,+/- 228,"48,481",Midwest_states
Oklahoma,"3,873,232","+/- 2,534","3,225,478","+/- 15,384","530,770","+/- 13,855","102,000","+/- 7,094",176,+/- 192,328,+/- 330,"1,912",+/- 831,"7,396","+/- 1,474","11,302","+/- 3,500","3,698","+/- 1,371",391,+/- 446,185,+/- 183,254,+/- 382,"3,155","+/- 1,655","2,542","+/- 1,126",385,+/- 459,595,+/- 720,"3,007","+/- 1,092","1,087",+/- 414,"1,283",+/- 698,"6,048","+/- 1,581","1,331",+/- 657,"1,484",+/- 636,82,+/- 91,569,+/- 375,205,+/- 261,"1,577",+/- 848,528,+/- 261,865,+/- 566,"5,253","+/- 1,262",481,+/- 429,145,+/- 152,627,+/- 322,393,+/- 443,424,+/- 266,"1,011",+/- 477,"2,051",+/- 873,"1,909",+/- 879,212,+/- 167,"1,282","+/- 1,000",N/A,N/A,635,+/- 550,"1,405",+/- 828,0,+/- 159,"1,108",+/- 615,194,+/- 208,"1,309",+/- 590,"28,060","+/- 3,869",783,+/- 737,61,+/- 82,"1,312",+/- 705,"1,658",+/- 771,174,+/- 173,829,+/- 458,299,+/- 306,"14,984",South_states
Oregon,"4,052,221","+/- 3,173","3,307,805","+/- 19,198","577,950","+/- 19,092","139,334","+/- 9,092",167,+/- 200,549,+/- 334,"4,932","+/- 1,728",921,+/- 558,"43,804","+/- 5,024","3,625","+/- 1,309","1,127","+/- 1,003",159,+/- 282,606,+/- 324,"3,172","+/- 1,093",906,+/- 614,"3,302","+/- 1,527","4,576","+/- 1,686","2,245",+/- 971,"1,052",+/- 629,215,+/- 190,"1,748","+/- 1,021",997,+/- 792,769,+/- 580,419,+/- 298,"1,678",+/- 956,817,+/- 429,993,+/- 776,724,+/- 563,235,+/- 234,"1,194",+/- 699,"2,827","+/- 1,152",644,+/- 804,"1,631",+/- 680,0,+/- 201,978,+/- 622,"2,463","+/- 1,110","2,899","+/- 1,447","2,142","+/- 1,447",402,+/- 356,"1,421",+/- 739,"2,185","+/- 1,838",N/A,N/A,"1,958",+/- 894,156,+/- 253,531,+/- 448,608,+/- 749,"1,168",+/- 863,"5,377","+/- 1,611","3,246","+/- 1,305",158,+/- 191,"2,141","+/- 1,256","24,207","+/- 3,446",140,+/- 230,557,+/- 316,563,+/- 341,"27,132",West_states
Pennsylvania,"12,645,493","+/- 5,619","11,016,361","+/- 36,704","1,308,271","+/- 34,321","252,060","+/- 10,750","1,978","+/- 1,064",820,+/- 539,"2,076",+/- 748,979,+/- 424,"12,381","+/- 2,594","3,434","+/- 1,046","6,629","+/- 2,261","5,168","+/- 1,161","1,908",+/- 696,"12,938","+/- 2,483","5,206","+/- 1,645",588,+/- 313,629,+/- 464,"5,341","+/- 1,561","1,559",+/- 567,936,+/- 786,"1,154",+/- 836,"1,487",+/- 702,513,+/- 363,770,+/- 508,"19,747","+/- 3,362","8,352","+/- 2,535","2,283",+/- 813,"1,557",+/- 657,399,+/- 318,"1,363",+/- 870,171,+/- 146,"1,063",+/- 669,803,+/- 464,"1,259",+/- 643,"40,118","+/- 3,894",675,+/- 583,"40,208","+/- 5,965","9,251","+/- 2,308",106,+/- 128,"10,700","+/- 2,215","1,130",+/- 803,"2,511","+/- 1,068",N/A,N/A,"1,204",+/- 672,"1,582",+/- 583,162,+/- 209,"2,746",+/- 811,"12,497","+/- 3,500","2,014","+/- 2,040",604,+/- 499,"12,785","+/- 2,800","3,772","+/- 1,435","3,979","+/- 1,207","2,337","+/- 2,135",188,+/- 211,"68,801",Northeast_states
Rhode Island,"1,045,691","+/- 1,810","898,574","+/- 10,119","106,725","+/- 9,017","32,800","+/- 4,037",53,+/- 80,0,+/- 208,360,+/- 303,91,+/- 145,"1,484",+/- 769,421,+/- 350,"4,252","+/- 1,867",23,+/- 46,177,+/- 190,"2,778","+/- 1,311",390,+/- 508,17,+/- 44,0,+/- 208,621,+/- 462,0,+/- 208,307,+/- 466,0,+/- 208,41,+/- 70,0,+/- 208,209,+/- 203,623,+/- 470,"9,077","+/- 1,853",696,+/- 905,141,+/- 242,135,+/- 213,87,+/- 101,84,+/- 141,196,+/- 288,97,+/- 142,923,+/- 453,631,+/- 393,0,+/- 208,"2,631",+/- 864,812,+/- 600,113,+/- 190,318,+/- 260,58,+/- 96,90,+/- 109,900,+/- 802,N/A,N/A,348,+/- 319,121,+/- 149,581,+/- 847,"1,079",+/- 559,60,+/- 98,337,+/- 288,714,+/- 376,399,+/- 294,0,+/- 208,325,+/- 414,0,+/- 208,"7,592",Northeast_states
South Carolina,"4,903,788","+/- 3,376","4,176,954","+/- 27,733","542,415","+/- 22,405","165,230","+/- 10,983","2,823","+/- 1,381",411,+/- 361,"1,708","+/- 1,046",581,+/- 459,"4,846","+/- 1,500","1,947",+/- 915,"2,941","+/- 1,176",146,+/- 149,"1,552","+/- 1,064","13,371","+/- 2,766","16,234","+/- 3,489",858,+/- 749,47,+/- 91,"4,512","+/- 1,512","2,816","+/- 1,246",165,+/- 161,965,+/- 691,"1,312",+/- 753,"1,495",+/- 711,779,+/- 795,"6,900","+/- 1,958","3,027","+/- 1,160","3,206","+/- 1,157",621,+/- 413,760,+/- 371,"1,168",+/- 644,215,+/- 208,90,+/- 149,180,+/- 156,"1,143",+/- 667,"3,664","+/- 1,138",139,+/- 129,"10,230","+/- 2,243","30,447","+/- 4,651",595,+/- 657,"6,634","+/- 2,456","1,192",+/- 568,663,+/- 391,"7,865","+/- 1,912",708,+/- 512,N/A,N/A,590,+/- 909,"3,709","+/- 1,150","7,373","+/- 2,409",424,+/- 347,0,+/- 207,"8,081","+/- 2,620","1,943",+/- 848,"2,403","+/- 1,306","1,243",+/- 683,508,+/- 704,"19,189",South_states
South Dakota,"853,832","+/- 1,413","720,262","+/- 7,279","97,747","+/- 6,762","31,789","+/- 3,927",0,+/- 157,346,+/- 467,732,+/- 628,18,+/- 30,"2,929","+/- 1,557",820,+/- 576,0,+/- 157,0,+/- 157,0,+/- 157,758,+/- 669,128,+/- 119,0,+/- 157,108,+/- 154,757,+/- 518,844,+/- 596,"2,887",+/- 766,"1,123",+/- 630,52,+/- 64,127,+/- 143,0,+/- 157,26,+/- 56,271,+/- 298,145,+/- 161,"4,991","+/- 1,525",125,+/- 115,500,+/- 351,468,+/- 343,"1,803",+/- 629,98,+/- 101,0,+/- 157,0,+/- 157,389,+/- 438,89,+/- 104,100,+/- 112,"1,858",+/- 785,788,+/- 724,23,+/- 45,236,+/- 227,147,+/- 139,448,+/- 565,0,+/- 157,N/A,N/A,147,+/- 183,"1,946","+/- 1,156",662,+/- 550,0,+/- 157,720,+/- 933,976,"+/- 1,172",131,+/- 233,"1,026",+/- 874,"2,047","+/- 1,065","4,034",Midwest_states
Tennessee,"6,580,953","+/- 4,457","5,644,022","+/- 24,352","742,615","+/- 23,525","170,867","+/- 10,319","7,683","+/- 1,816","1,141",+/- 745,"1,449",+/- 633,"5,583","+/- 2,105","7,996","+/- 2,298","1,692",+/- 785,"2,042",+/- 916,185,+/- 224,295,+/- 307,"14,926","+/- 2,707","16,367","+/- 3,294","1,397","+/- 1,171",219,+/- 146,"9,737","+/- 2,402","6,736","+/- 2,072",646,+/- 439,"1,597","+/- 1,400","12,562","+/- 2,557","2,004","+/- 1,070","2,799","+/- 2,101",794,+/- 673,"2,130",+/- 929,"3,954","+/- 1,261","2,484","+/- 1,211","8,739","+/- 2,677","3,287","+/- 1,221",662,+/- 921,216,+/- 224,274,+/- 201,340,+/- 410,"1,659",+/- 810,159,+/- 189,"4,905","+/- 1,653","5,933","+/- 1,490",61,+/- 103,"7,210","+/- 2,699","1,486",+/- 712,647,+/- 493,"2,723","+/- 1,237",0,+/- 204,"2,173",+/- 915,207,+/- 233,N/A,N/A,"11,827","+/- 4,371",181,+/- 214,309,+/- 294,"6,681","+/- 1,601","2,187","+/- 1,008","1,249",+/- 741,"1,309",+/- 754,25,+/- 48,"23,449",South_states
Texas,"27,472,626","+/- 10,409","23,105,984","+/- 50,841","3,599,897","+/- 48,634","531,996","+/- 20,183","6,915","+/- 1,742","2,257","+/- 1,078","20,322","+/- 4,484","11,986","+/- 2,327","69,945","+/- 8,017","21,596","+/- 4,774","1,834","+/- 1,217","2,012",+/- 942,"1,624",+/- 706,"31,145","+/- 5,099","16,174","+/- 3,227","3,630","+/- 1,714","2,668","+/- 1,108","21,848","+/- 4,241","10,084","+/- 3,204","6,600","+/- 2,208","10,670","+/- 3,156","7,090","+/- 2,269","27,998","+/- 4,439","1,544",+/- 754,"7,112","+/- 1,788","5,636","+/- 1,788","10,036","+/- 2,915","6,795","+/- 2,547","8,825","+/- 2,176","13,946","+/- 3,539","1,974","+/- 1,052","6,201","+/- 2,388","6,499","+/- 2,273","1,542",+/- 915,"8,723","+/- 2,618","13,041","+/- 2,775","18,209","+/- 3,590","12,463","+/- 2,346","2,026","+/- 1,141","9,363","+/- 2,861","30,532","+/- 5,243","3,704","+/- 1,577","11,769","+/- 3,371","1,361",+/- 822,"7,969","+/- 2,202",860,+/- 477,"15,565","+/- 6,625",N/A,N/A,"9,082","+/- 2,977",252,+/- 414,"19,660","+/- 4,084","14,335","+/- 3,534",915,+/- 606,"4,927","+/- 2,075",732,+/- 486,"234,749",South_states
Utah,"3,002,244","+/- 3,318","2,474,308","+/- 19,586","396,018","+/- 17,139","107,083","+/- 9,315",125,+/- 152,"2,350","+/- 2,112","9,140","+/- 3,317","1,136","+/- 1,167","23,034","+/- 5,649","3,615","+/- 1,230","1,024",+/- 793,184,+/- 218,490,+/- 526,"2,707","+/- 1,284","1,541",+/- 644,"1,516","+/- 1,096","9,520","+/- 2,249","1,440",+/- 694,"1,349",+/- 872,373,+/- 345,510,+/- 529,"1,142","+/- 1,255",878,+/- 772,63,+/- 107,812,+/- 507,390,+/- 271,"1,340",+/- 955,811,+/- 686,186,+/- 252,"2,103","+/- 1,352","1,637",+/- 694,523,+/- 493,"5,181","+/- 2,665",0,+/- 190,702,+/- 431,871,+/- 467,"2,511","+/- 1,537","1,921","+/- 1,018","1,266",+/- 986,833,+/- 379,"1,194",+/- 640,"2,790","+/- 1,235","1,992","+/- 1,027",0,+/- 190,766,+/- 661,795,+/- 861,964,+/- 519,"7,467","+/- 2,399",N/A,N/A,221,+/- 274,"1,392",+/- 766,"5,074","+/- 1,397",51,+/- 78,398,+/- 276,755,+/- 590,"24,835",West_states
Vermont,"619,387",+/- 803,"535,268","+/- 5,519","60,744","+/- 4,942","21,262","+/- 2,769",0,+/- 151,0,+/- 151,337,+/- 355,0,+/- 151,"1,018",+/- 497,350,+/- 192,"1,076",+/- 579,29,+/- 47,62,+/- 93,876,+/- 490,14,+/- 30,41,+/- 76,0,+/- 151,187,+/- 189,3,+/- 6,82,+/- 124,0,+/- 151,66,+/- 73,0,+/- 151,988,+/- 539,540,+/- 644,"3,731","+/- 1,090",59,+/- 106,7,+/- 15,0,+/- 151,45,+/- 49,0,+/- 151,0,+/- 151,0,+/- 151,"3,285","+/- 1,058","1,393",+/- 773,60,+/- 100,"3,186",+/- 862,331,+/- 252,41,+/- 65,118,+/- 176,0,+/- 151,395,+/- 386,"1,449",+/- 716,262,+/- 165,38,+/- 64,619,+/- 916,6,+/- 13,7,+/- 16,77,+/- 124,N/A,N/A,242,+/- 203,165,+/- 143,23,+/- 49,54,+/- 73,0,+/- 151,"2,113",Northeast_states
Virginia,"8,312,297","+/- 5,430","7,008,805","+/- 27,572","961,003","+/- 22,934","264,164","+/- 11,923","2,424","+/- 1,340","1,624","+/- 1,136","3,584","+/- 1,484",519,+/- 364,"17,473","+/- 3,606","3,269","+/- 1,164","5,158","+/- 1,994","1,382",+/- 647,"8,692","+/- 2,405","19,439","+/- 3,281","6,319","+/- 1,574","3,548","+/- 1,403",148,+/- 166,"7,719","+/- 1,760","2,276",+/- 883,229,+/- 251,771,+/- 610,"4,959","+/- 1,686","2,296","+/- 1,190","1,232",+/- 692,"28,394","+/- 4,800","5,442","+/- 1,679","4,722","+/- 1,725","1,194","+/- 1,157",891,+/- 512,"2,786","+/- 1,088",106,+/- 179,"1,950","+/- 1,155","2,305","+/- 1,431",641,+/- 397,"7,715","+/- 1,860","2,067","+/- 1,011","14,827","+/- 3,112","22,598","+/- 3,629",80,+/- 129,"7,689","+/- 2,011","3,693","+/- 1,433",904,+/- 461,"14,122","+/- 2,784","1,270",+/- 893,"8,354","+/- 2,052",142,+/- 247,"7,491","+/- 2,248","15,873","+/- 3,691","1,507",+/- 832,872,+/- 694,N/A,N/A,"4,925","+/- 1,707","6,618","+/- 1,812","1,877","+/- 1,131",48,+/- 62,"78,325",South_states
Washington,"7,202,119","+/- 4,069","5,924,723","+/- 30,369","958,326","+/- 27,224","257,728","+/- 13,383","1,465",+/- 791,"5,374","+/- 1,929","12,801","+/- 2,996",823,+/- 886,"51,485","+/- 5,064","13,012","+/- 4,416","1,309",+/- 547,277,+/- 225,748,+/- 637,"9,093","+/- 2,333","2,804",+/- 968,"4,497","+/- 1,154","11,619","+/- 2,489","7,422","+/- 1,929","1,296",+/- 950,784,+/- 483,"2,568","+/- 1,293","2,042","+/- 1,655","1,109","+/- 1,000",266,+/- 288,"2,733","+/- 1,845","4,715","+/- 1,636","4,472","+/- 1,531","4,153","+/- 1,498",689,+/- 509,"3,327","+/- 1,851","4,707","+/- 1,603","1,428","+/- 1,105","3,551","+/- 1,318",785,+/- 513,"3,287","+/- 1,572","2,232","+/- 1,150","7,083","+/- 1,386","7,250","+/- 2,296","2,021",+/- 897,"2,834","+/- 1,636","2,041",+/- 932,"32,384","+/- 3,908","1,556",+/- 669,373,+/- 312,"1,374",+/- 786,"1,156","+/- 1,021","3,672","+/- 2,014","16,005","+/- 3,753","5,404","+/- 2,076",743,+/- 611,"3,834","+/- 1,271",N/A,N/A,319,+/- 441,"1,940",+/- 888,866,+/- 517,"61,342",West_states
West Virginia,"1,810,709","+/- 2,337","1,582,818","+/- 10,978","176,953","+/- 9,202","47,196","+/- 5,756",284,+/- 187,11,+/- 20,57,+/- 100,195,+/- 269,"1,095",+/- 649,464,+/- 354,631,+/- 321,0,+/- 193,490,+/- 423,"1,992",+/- 783,"1,650","+/- 1,323",0,+/- 193,48,+/- 63,354,+/- 254,343,+/- 304,64,+/- 90,205,+/- 233,"1,654",+/- 679,357,+/- 496,597,+/- 624,"7,100","+/- 2,417",21,+/- 47,572,+/- 436,0,+/- 193,152,+/- 186,123,+/- 175,39,+/- 67,0,+/- 193,293,+/- 371,135,+/- 133,481,+/- 314,81,+/- 140,"1,320",+/- 911,"2,419","+/- 1,022",134,+/- 214,"7,281","+/- 1,597",12,+/- 26,0,+/- 193,"6,226","+/- 2,228",0,+/- 193,435,+/- 344,124,+/- 153,"1,903","+/- 1,213","1,345","+/- 1,044",179,+/- 313,0,+/- 193,"6,114","+/- 1,596",216,+/- 153,N/A,N/A,0,+/- 193,0,+/- 193,"3,742",South_states
Wisconsin,"5,712,104","+/- 3,128","4,876,817","+/- 20,516","696,530","+/- 19,673","118,814","+/- 6,959",966,+/- 691,738,+/- 528,"3,364","+/- 1,091","1,397",+/- 744,"6,830","+/- 2,101","4,129","+/- 1,379",344,+/- 330,0,+/- 147,215,+/- 185,"5,242","+/- 1,459",708,+/- 333,323,+/- 363,"1,400","+/- 1,299","31,323","+/- 3,928","3,481","+/- 1,122","3,383",+/- 954,401,+/- 353,992,+/- 669,745,+/- 606,63,+/- 113,574,+/- 374,"1,058",+/- 556,"5,433","+/- 1,374","18,036","+/- 2,340",90,+/- 79,"1,619",+/- 851,159,+/- 142,469,+/- 325,"1,126",+/- 706,417,+/- 338,521,+/- 426,710,+/- 696,"1,484",+/- 654,"1,152",+/- 507,614,+/- 521,"2,129",+/- 648,"1,404",+/- 794,"1,383",+/- 780,"1,525",+/- 600,81,+/- 135,518,+/- 277,872,+/- 746,"1,096",+/- 726,"4,526","+/- 1,485","1,237",+/- 650,138,+/- 228,"2,235","+/- 1,819","1,634",+/- 754,110,+/- 119,N/A,N/A,420,+/- 259,"19,943",Midwest_states
Wyoming,"577,567","+/- 1,366","472,996","+/- 8,803","75,995","+/- 6,553","26,471","+/- 4,106",265,+/- 283,524,+/- 547,352,+/- 293,77,+/- 144,"1,586",+/- 747,"4,227","+/- 1,162",0,+/- 197,0,+/- 197,0,+/- 197,187,+/- 207,1,+/- 2,0,+/- 197,"1,074",+/- 890,150,+/- 196,119,+/- 205,568,+/- 558,291,+/- 461,437,+/- 695,150,+/- 224,66,+/- 106,7,+/- 15,0,+/- 197,325,+/- 235,473,+/- 560,0,+/- 197,16,+/- 28,"1,307",+/- 741,852,+/- 592,111,+/- 113,0,+/- 197,503,+/- 604,799,+/- 648,57,+/- 91,46,+/- 75,843,+/- 484,318,+/- 428,672,+/- 892,609,+/- 481,"2,660","+/- 2,108",1,+/- 2,337,+/- 589,853,+/- 510,10,+/- 15,"1,914","+/- 1,123","1,312",+/- 849,0,+/- 197,90,+/- 109,"1,426",+/- 887,169,+/- 32,687,"+/- 1,044",N/A,N/A,"2,105",West_states
Puerto Rico,"3,384,760","+/- 2,761","3,143,116","+/- 12,230","216,969","+/- 11,523","21,196","+/- 3,444",49,+/- 84,0,+/- 222,188,+/- 162,109,+/- 178,200,+/- 236,40,+/- 68,580,+/- 448,259,+/- 421,0,+/- 222,"4,548","+/- 1,626",206,+/- 280,63,+/- 100,0,+/- 222,802,+/- 875,0,+/- 222,0,+/- 222,0,+/- 222,433,+/- 594,96,+/- 159,0,+/- 222,164,+/- 252,"3,060","+/- 1,408",206,+/- 239,0,+/- 222,0,+/- 222,0,+/- 222,0,+/- 222,0,+/- 222,0,+/- 222,46,+/- 72,"1,451",+/- 781,0,+/- 222,"3,416","+/- 1,538",42,+/- 74,0,+/- 222,0,+/- 222,20,+/- 35,0,+/- 222,"3,296","+/- 1,785",0,+/- 222,163,+/- 184,0,+/- 222,143,+/- 197,"1,008",+/- 894,0,+/- 222,0,+/- 222,67,+/- 82,368,+/- 533,0,+/- 222,173,+/- 193,0,+/- 222,"3,479",NaN
