Current residence in --,Population 1 year and over,MOE,Same residence 1 year ago,MOE,"Different residence, same state 1 year ago",MOE,Different state of residence 1 year ago,MOE,Alabama,MOE,Alaska,MOE,Arizona,MOE,Arkansas,MOE,California,MOE,Colorado,MOE,Connecticut,MOE,Delaware,MOE,District of Columbia ,MOE,Florida,MOE,Georgia,MOE,Hawaii,MOE,Idaho,MOE,Illinois,MOE,Indiana,MOE,Iowa,MOE,Kansas,MOE,Kentucky,MOE,Louisiana,MOE,Maine,MOE,Maryland,MOE,Massachusetts,MOE,Michigan,MOE,Minnesota,MOE,Mississippi,MOE,Missouri,MOE,Montana,MOE,Nebraska,MOE,Nevada,MOE,New Hampshire,MOE,New Jersey,MOE,New Mexico,MOE,New York,MOE,North Carolina,MOE,North Dakota,MOE,Ohio,MOE,Oklahoma,MOE,Oregon,MOE,Pennsylvania,MOE,Rhode Island,MOE,South Carolina,MOE,South Dakota,MOE,Tennessee,MOE,Texas,MOE,Utah,MOE,Vermont,MOE,Virginia,MOE,Washington,MOE,West Virginia,MOE,Wisconsin,MOE,Wyoming,MOE,Total,MOE,Puerto Rico,MOE,U.S. Island Area,MOE,Foreign Country,MOE
United States2,"323,531,965","+/- 28,863","278,079,469","+/- 191,887","35,921,585","+/- 160,760","7,571,282","+/- 77,765","98,194","+/- 7,723","39,246","+/- 3,869","179,586","+/- 12,115","69,724","+/- 7,078","691,145","+/- 24,757","203,460","+/- 10,631","114,235","+/- 8,037","33,395","+/- 5,130","60,363","+/- 5,506","470,977","+/- 20,076","231,337","+/- 12,114","67,293","+/- 7,057","55,183","+/- 6,211","305,033","+/- 15,164","136,563","+/- 9,982","70,659","+/- 5,916","96,850","+/- 7,787","100,514","+/- 9,498","95,326","+/- 8,182","25,012","+/- 3,629","182,323","+/- 10,745","179,017","+/- 10,391","152,605","+/- 10,011","112,228","+/- 8,305","76,567","+/- 8,041","174,949","+/- 10,007","35,292","+/- 4,592","54,462","+/- 4,768","89,791","+/- 7,818","43,633","+/- 3,966","231,321","+/- 10,076","74,459","+/- 7,906","458,014","+/- 17,864","238,947","+/- 12,845","33,006","+/- 3,736","206,948","+/- 9,947","97,474","+/- 8,403","132,698","+/- 9,896","240,832","+/- 11,256","31,423","+/- 5,555","141,258","+/- 9,256","28,747","+/- 4,304","173,250","+/- 11,463","462,140","+/- 15,756","91,741","+/- 7,737","20,832","+/- 3,139","262,345","+/- 15,256","222,472","+/- 13,859","46,546","+/- 5,361","105,789","+/- 8,674","26,078","+/- 3,941","1,959,629","+/- 39,920","133,451","+/- 10,797","24,689","+/- 4,667","1,801,489","+/- 38,285"
Alabama,"4,832,358","+/- 3,328","4,173,026","+/- 19,530","534,914","+/- 18,557","109,301","+/- 9,827",N/A,N/A,419,+/- 384,"1,915",+/- 975,"1,051",+/- 736,"2,659","+/- 1,147","1,672",+/- 827,747,+/- 421,826,+/- 804,0,+/- 201,"14,298","+/- 2,683","18,433","+/- 4,546",627,+/- 393,0,+/- 201,"3,310","+/- 1,670","1,874","+/- 1,173",704,+/- 635,357,+/- 319,"4,216","+/- 2,722","2,837","+/- 1,403",0,+/- 201,493,+/- 364,445,+/- 301,"2,231",+/- 875,915,+/- 531,"7,653","+/- 2,337","1,851",+/- 784,76,+/- 126,756,"+/- 1,058",97,+/- 128,0,+/- 201,"1,213",+/- 821,58,+/- 99,"3,226","+/- 1,789","2,224",+/- 925,0,+/- 201,"1,299",+/- 634,931,+/- 550,0,+/- 201,"1,771",+/- 855,0,+/- 201,"1,218",+/- 554,281,+/- 397,"12,228","+/- 3,181","5,719","+/- 1,678",79,+/- 86,0,+/- 201,"5,221","+/- 3,465","2,125","+/- 1,147",176,+/- 254,996,+/- 489,74,+/- 122,"15,117","+/- 3,039",957,+/- 731,893,+/- 649,"13,267","+/- 2,944"
Alaska,"727,164","+/- 1,214","608,707","+/- 7,474","81,229","+/- 5,883","32,099","+/- 4,643",518,+/- 404,N/A,N/A,910,+/- 537,722,+/- 998,"3,455","+/- 1,482","1,847",+/- 923,0,+/- 157,0,+/- 157,74,+/- 85,"1,172",+/- 525,565,+/- 361,"1,029",+/- 767,497,+/- 347,"1,024",+/- 799,165,+/- 215,26,+/- 33,800,+/- 978,162,+/- 155,83,+/- 103,16,+/- 28,548,+/- 507,170,+/- 173,791,+/- 611,586,+/- 488,330,+/- 374,938,+/- 696,534,+/- 456,413,+/- 642,"2,013","+/- 1,675",0,+/- 157,335,+/- 293,489,+/- 335,380,+/- 311,"1,676","+/- 1,389",210,+/- 246,176,+/- 221,184,+/- 189,"1,896",+/- 857,111,+/- 143,38,+/- 67,389,+/- 474,175,+/- 213,171,+/- 172,"2,322",+/- 915,410,+/- 323,5,+/- 18,654,+/- 394,"2,558","+/- 1,363",0,+/- 157,340,+/- 253,192,+/- 158,"5,129","+/- 1,871",344,+/- 375,267,+/- 327,"4,518","+/- 1,795"
Arizona,"7,090,137","+/- 4,507","5,887,700","+/- 28,309","888,452","+/- 25,934","273,714","+/- 15,128","2,801","+/- 2,049","2,743","+/- 1,352",N/A,N/A,"1,487","+/- 1,020","68,516","+/- 7,467","11,517","+/- 2,608",503,+/- 348,49,+/- 80,26,+/- 45,"6,701","+/- 2,850","3,149","+/- 1,135",591,+/- 421,"2,733","+/- 1,365","13,247","+/- 3,009","2,555","+/- 1,117","3,049","+/- 1,021","3,802","+/- 1,841","1,265",+/- 615,"1,416",+/- 835,353,+/- 378,"2,955","+/- 2,047","1,299",+/- 623,"4,477","+/- 1,195","6,206","+/- 1,633","1,780",+/- 994,"4,476","+/- 1,487","1,419",+/- 836,"1,663",+/- 912,"8,057","+/- 2,434","1,500",+/- 827,"4,084","+/- 2,224","6,866","+/- 2,194","5,281","+/- 1,818","6,587","+/- 2,373","2,169","+/- 1,889","6,322","+/- 1,956","2,530","+/- 1,397","13,697","+/- 3,918","3,692","+/- 1,196",323,+/- 298,"2,252","+/- 1,392",913,+/- 682,"1,291","+/- 1,072","20,245","+/- 3,789","5,828","+/- 1,581",37,+/- 61,"4,956","+/- 1,521","17,560","+/- 3,314",29,+/- 50,"7,788","+/- 2,290",929,+/- 578,"40,271","+/- 5,472","1,289","+/- 1,053","1,449","+/- 1,238","37,533","+/- 5,516"
Arkansas,"2,975,961","+/- 3,093","2,539,294","+/- 19,535","354,774","+/- 17,489","73,179","+/- 7,023",438,+/- 343,413,+/- 455,602,+/- 442,N/A,N/A,"3,728","+/- 1,814","3,255","+/- 1,748",159,+/- 193,126,+/- 213,0,+/- 201,"3,966","+/- 1,406",929,+/- 556,468,+/- 361,0,+/- 201,"3,359","+/- 1,492","1,241",+/- 796,119,+/- 197,"1,072",+/- 691,831,+/- 728,"2,311",+/- 928,27,+/- 45,470,+/- 482,139,+/- 177,584,+/- 598,196,+/- 187,"2,568","+/- 1,550","9,400","+/- 2,606",76,+/- 122,76,+/- 124,84,+/- 138,156,+/- 232,277,+/- 254,214,+/- 283,139,+/- 157,638,+/- 405,225,+/- 314,857,+/- 794,"8,490","+/- 2,478",254,+/- 276,860,+/- 812,0,+/- 201,121,+/- 171,146,+/- 129,"5,492","+/- 1,875","15,531","+/- 3,423",712,+/- 565,0,+/- 201,900,+/- 526,"1,328",+/- 993,72,+/- 69,130,+/- 152,0,+/- 201,"8,714","+/- 2,518","1,693","+/- 1,440",0,+/- 201,"7,021","+/- 1,711"
California,"39,114,889","+/- 11,156","34,232,867","+/- 55,636","4,092,388","+/- 50,349","501,023","+/- 17,029","4,591","+/- 1,570","2,155",+/- 756,"33,670","+/- 4,112","2,573","+/- 1,252",N/A,N/A,"18,755","+/- 3,048","6,366","+/- 1,556","1,143",+/- 769,"5,063","+/- 1,575","22,464","+/- 3,744","11,753","+/- 2,413","12,848","+/- 3,471","4,224","+/- 1,308","22,165","+/- 3,091","6,313","+/- 1,724","2,461",+/- 992,"4,826","+/- 1,619","2,010","+/- 1,125","4,441","+/- 1,261","1,294",+/- 742,"11,042","+/- 3,193","17,529","+/- 3,299","10,335","+/- 3,321","6,221","+/- 1,552","2,393",+/- 998,"7,981","+/- 2,619","2,481","+/- 1,014","3,619","+/- 1,216","22,433","+/- 3,600",682,+/- 492,"11,666","+/- 2,443","3,822","+/- 1,270","34,848","+/- 3,977","11,400","+/- 2,512","1,909","+/- 1,506","13,999","+/- 2,877","4,901","+/- 1,485","24,050","+/- 3,956","11,848","+/- 2,494","1,738",+/- 949,"4,896","+/- 1,429","1,296",+/- 803,"8,060","+/- 2,304","37,810","+/- 4,344","9,440","+/- 2,435","1,641","+/- 1,153","17,725","+/- 4,551","38,007","+/- 4,987","1,246",+/- 665,"5,364","+/- 1,388","1,526",+/- 833,"288,611","+/- 13,254","1,250",+/- 636,"3,712","+/- 2,675","283,649","+/- 13,452"
Colorado,"5,633,029","+/- 3,632","4,626,834","+/- 24,416","728,730","+/- 20,205","239,153","+/- 15,015","3,597","+/- 2,038","2,102","+/- 1,077","7,987","+/- 1,775","1,442","+/- 1,087","28,288","+/- 3,777",N/A,N/A,"1,498","+/- 1,124",190,+/- 170,"1,119",+/- 579,"14,017","+/- 3,309","8,239","+/- 2,389","3,356","+/- 1,622","1,268",+/- 714,"7,783","+/- 1,801","2,945","+/- 1,096","2,385",+/- 945,"5,071","+/- 1,676","2,754","+/- 1,562","1,216",+/- 754,912,+/- 682,"3,454","+/- 1,588","3,949","+/- 1,331","4,253","+/- 1,425","5,208","+/- 1,603",597,+/- 579,"6,803","+/- 1,761","3,731","+/- 2,023","6,025","+/- 1,851","3,455","+/- 1,539",183,+/- 165,"1,780",+/- 940,"11,444","+/- 3,183","6,362","+/- 1,380","6,336","+/- 2,214","1,118",+/- 720,"3,169","+/- 1,239","5,956","+/- 2,359","2,890","+/- 1,032","4,701","+/- 1,282",706,+/- 649,"3,203","+/- 1,176","2,176","+/- 1,070","1,444",+/- 685,"26,930","+/- 4,760","4,833","+/- 1,992","1,043",+/- 760,"9,260","+/- 3,833","6,686","+/- 1,847",238,+/- 194,"3,100","+/- 1,243","1,951",+/- 956,"38,312","+/- 4,607","1,104","+/- 1,016",126,+/- 209,"37,082","+/- 4,439"
Connecticut,"3,538,203","+/- 3,043","3,102,312","+/- 17,295","320,248","+/- 14,157","84,718","+/- 7,195","1,054",+/- 783,8,+/- 18,"1,204","+/- 1,161",51,+/- 87,"3,870","+/- 1,455","1,105",+/- 702,N/A,N/A,"1,015","+/- 1,351",506,+/- 517,"4,563","+/- 1,550","2,606","+/- 1,624",472,+/- 389,0,+/- 207,"1,513",+/- 720,237,+/- 373,86,+/- 147,79,+/- 112,233,+/- 286,597,+/- 580,"1,342",+/- 874,"1,182",+/- 667,"7,630","+/- 1,618",819,+/- 303,106,+/- 124,0,+/- 207,69,+/- 117,35,+/- 62,0,+/- 207,149,+/- 248,939,+/- 643,"4,573","+/- 1,220",0,+/- 207,"27,361","+/- 3,938","1,145",+/- 611,0,+/- 207,"1,410",+/- 707,172,+/- 286,642,+/- 411,"3,446","+/- 1,380","2,136",+/- 802,"1,811",+/- 938,0,+/- 207,743,+/- 518,"4,044","+/- 1,579","1,305","+/- 1,144",595,+/- 337,"2,294","+/- 1,058","1,062",+/- 939,181,+/- 208,328,+/- 394,0,+/- 207,"30,925","+/- 5,302","4,485","+/- 1,952",699,+/- 477,"25,741","+/- 4,487"
Delaware,"958,770","+/- 1,413","853,523","+/- 7,519","67,984","+/- 6,209","34,451","+/- 4,392",39,+/- 60,0,+/- 200,115,+/- 190,0,+/- 200,551,+/- 384,0,+/- 200,487,+/- 332,N/A,N/A,136,+/- 149,"1,122",+/- 752,118,+/- 191,0,+/- 200,0,+/- 200,191,+/- 196,50,+/- 83,205,+/- 228,747,"+/- 1,201",94,+/- 141,468,+/- 409,101,+/- 167,"5,639","+/- 1,485",481,+/- 675,153,+/- 189,0,+/- 200,148,+/- 232,0,+/- 200,0,+/- 200,86,+/- 145,0,+/- 200,157,+/- 270,"6,112","+/- 2,347",30,+/- 70,"2,907","+/- 1,427",586,+/- 413,167,+/- 272,446,+/- 434,0,+/- 200,0,+/- 200,"9,991","+/- 2,565",187,+/- 320,470,+/- 364,0,+/- 200,103,+/- 153,378,+/- 271,99,+/- 172,305,+/- 269,"1,458",+/- 818,0,+/- 200,124,+/- 176,0,+/- 200,0,+/- 200,"2,812",+/- 957,185,+/- 225,50,+/- 83,"2,577",+/- 965
District of Columbia ,"693,798","+/- 1,873","568,201","+/- 6,930","68,603","+/- 5,579","47,555","+/- 4,011",174,+/- 225,0,+/- 213,204,+/- 220,0,+/- 213,"3,803","+/- 1,151",336,+/- 289,262,+/- 190,182,+/- 215,N/A,N/A,"1,789",+/- 842,647,+/- 392,124,+/- 213,0,+/- 213,"1,066",+/- 655,146,+/- 163,162,+/- 160,0,+/- 213,110,+/- 108,0,+/- 213,61,+/- 103,"12,735","+/- 2,757","1,664",+/- 441,486,+/- 319,143,+/- 138,146,+/- 263,201,+/- 182,92,+/- 77,0,+/- 213,36,+/- 83,130,+/- 225,"2,382",+/- 894,0,+/- 213,"4,642","+/- 1,361","1,026",+/- 569,0,+/- 213,"1,592",+/- 805,0,+/- 213,80,+/- 134,"1,617",+/- 591,87,+/- 96,408,+/- 253,0,+/- 213,690,+/- 478,"1,036",+/- 648,215,+/- 187,213,+/- 345,"7,773","+/- 1,392",387,+/- 331,294,+/- 401,346,+/- 377,68,+/- 113,"9,439","+/- 1,788",183,+/- 230,0,+/- 213,"9,256","+/- 1,780"
Florida,"21,092,877","+/- 8,313","17,863,603","+/- 57,744","2,420,485","+/- 51,354","587,261","+/- 22,336","12,870","+/- 2,462","1,388","+/- 1,336","4,542","+/- 1,569","3,239","+/- 1,933","26,888","+/- 5,227","15,746","+/- 3,227","18,291","+/- 4,056","4,124","+/- 1,746",983,+/- 498,N/A,N/A,"35,350","+/- 5,797","3,008","+/- 1,267","1,594","+/- 1,282","27,622","+/- 6,372","11,784","+/- 2,472","3,538","+/- 1,280","2,970","+/- 1,020","11,330","+/- 3,711","4,389","+/- 1,524","2,783","+/- 1,092","15,173","+/- 2,952","20,314","+/- 3,771","20,852","+/- 3,732","6,820","+/- 1,876","2,984","+/- 1,248","9,774","+/- 2,534","1,007",+/- 644,"3,893","+/- 1,961","3,772","+/- 1,409","5,137","+/- 1,638","30,105","+/- 4,039","2,558","+/- 1,420","63,033","+/- 7,071","26,708","+/- 4,144","1,485",+/- 785,"22,452","+/- 4,090","3,190","+/- 1,500","3,639","+/- 2,184","31,712","+/- 4,614","4,219","+/- 2,579","15,250","+/- 3,512","3,062","+/- 3,228","13,285","+/- 2,682","24,197","+/- 3,274","3,558","+/- 1,826","1,723","+/- 1,089","31,798","+/- 5,713","9,045","+/- 3,355","5,760","+/- 2,070","7,573","+/- 2,415",744,+/- 736,"221,528","+/- 12,275","44,710","+/- 7,633","3,860","+/- 2,338","172,958","+/- 9,699"
Georgia,"10,410,462","+/- 5,598","8,909,803","+/- 34,965","1,174,523","+/- 34,817","274,273","+/- 15,590","15,589","+/- 3,626",917,+/- 623,"2,255","+/- 1,493","1,900","+/- 1,113","16,745","+/- 4,010","3,497","+/- 1,409","5,574","+/- 2,690",520,+/- 415,571,+/- 389,"51,020","+/- 7,486",N/A,N/A,"2,335","+/- 1,734",193,+/- 255,"6,146","+/- 1,983","4,151","+/- 1,669","1,995","+/- 1,203","1,110",+/- 586,"2,027","+/- 1,162","3,082","+/- 1,368",89,+/- 108,"5,797","+/- 2,145","2,577","+/- 1,086","5,592","+/- 2,165","1,042",+/- 522,"2,967","+/- 1,827","2,889","+/- 1,275","1,018",+/- 716,"2,097","+/- 1,471",674,+/- 459,103,+/- 129,"9,055","+/- 2,434","1,619","+/- 1,107","10,754","+/- 2,531","16,957","+/- 3,902",364,+/- 431,"6,935","+/- 2,291","3,297","+/- 1,426",909,+/- 692,"4,527","+/- 1,347",196,+/- 211,"16,328","+/- 3,425",522,+/- 537,"18,283","+/- 3,915","22,746","+/- 4,643","1,123","+/- 1,243",431,+/- 356,"6,992","+/- 2,323","3,520","+/- 1,529","1,277","+/- 1,116","2,627","+/- 1,818","1,339","+/- 1,677","51,863","+/- 6,993","1,382",+/- 787,"2,712","+/- 1,563","47,769","+/- 6,696"
Hawaii,"1,403,653","+/- 1,798","1,211,015","+/- 10,611","125,172","+/- 9,102","54,074","+/- 5,497",484,+/- 655,"1,509","+/- 1,471","2,167",+/- 970,0,+/- 189,"10,456","+/- 2,058","3,164","+/- 1,181",114,+/- 220,52,+/- 86,768,"+/- 1,080","3,085","+/- 1,725","2,192","+/- 1,260",N/A,N/A,"1,027","+/- 1,198",583,+/- 490,306,+/- 272,586,+/- 517,"1,385",+/- 906,170,+/- 205,320,+/- 279,124,+/- 144,574,+/- 392,656,+/- 553,115,+/- 134,363,+/- 375,219,+/- 283,"1,129",+/- 791,165,+/- 195,481,+/- 570,502,+/- 368,0,+/- 189,24,+/- 40,122,+/- 144,"1,416",+/- 765,843,+/- 488,0,+/- 189,510,+/- 433,"1,172",+/- 955,"1,615","+/- 1,137",580,+/- 375,0,+/- 189,"1,072",+/- 868,50,+/- 81,723,+/- 564,"4,180","+/- 1,746",413,+/- 455,0,+/- 189,"3,987","+/- 1,564","4,351","+/- 1,862",0,+/- 189,142,+/- 218,178,+/- 134,"13,392","+/- 3,033",68,+/- 129,388,+/- 373,"12,936","+/- 3,076"
Idaho,"1,734,756","+/- 1,843","1,438,727","+/- 13,783","209,540","+/- 11,848","79,765","+/- 7,651",84,+/- 138,"1,179",+/- 772,"3,852","+/- 1,475",496,+/- 297,"21,018","+/- 3,771","1,505","+/- 1,029","1,905","+/- 1,982",0,+/- 204,0,+/- 204,"1,406","+/- 1,135",436,+/- 493,0,+/- 204,N/A,N/A,120,+/- 138,521,+/- 429,178,+/- 278,571,+/- 443,40,+/- 52,264,+/- 314,0,+/- 204,75,+/- 139,0,+/- 204,212,+/- 215,631,+/- 581,209,+/- 248,359,+/- 406,"2,880","+/- 1,328",146,+/- 125,"3,736","+/- 1,380",0,+/- 204,27,+/- 49,181,+/- 224,"2,943","+/- 2,293","1,331",+/- 943,261,+/- 292,82,+/- 111,795,+/- 687,"4,735","+/- 1,537",937,+/- 520,0,+/- 204,62,+/- 102,0,+/- 204,482,+/- 430,"2,605","+/- 1,775","6,626","+/- 2,213",64,+/- 107,804,+/- 531,"14,955","+/- 2,861",154,+/- 264,42,+/- 70,856,+/- 601,"6,724","+/- 2,141",703,+/- 945,134,+/- 158,"5,887","+/- 1,832"
Illinois,"12,599,244","+/- 4,929","11,029,483","+/- 28,667","1,295,596","+/- 27,638","206,620","+/- 12,209","1,280",+/- 862,"1,400",+/- 978,"5,818","+/- 1,489","1,188",+/- 683,"16,518","+/- 2,400","3,208","+/- 1,032","1,911",+/- 921,9,+/- 16,"1,020",+/- 729,"13,561","+/- 2,761","4,106","+/- 1,453",459,+/- 335,"1,093","+/- 1,059",N/A,N/A,"16,223","+/- 2,881","7,727","+/- 1,794","2,047",+/- 984,"3,289","+/- 1,079","2,373","+/- 1,833",0,+/- 190,"3,011","+/- 1,036","3,956","+/- 1,421","9,210","+/- 1,967","4,498","+/- 1,509","2,169",+/- 762,"15,055","+/- 2,742",317,+/- 377,881,+/- 701,"1,555",+/- 711,42,+/- 82,"3,488","+/- 1,417","1,041",+/- 586,"8,838","+/- 2,290","4,544","+/- 1,527",540,+/- 307,"6,423","+/- 1,374","1,041",+/- 593,"1,112",+/- 965,"5,261","+/- 1,488",414,+/- 318,"3,542","+/- 2,562",746,+/- 623,"7,084","+/- 2,502","13,412","+/- 2,157","2,642","+/- 2,127",76,+/- 122,"4,710","+/- 1,612","2,855","+/- 1,139",869,+/- 444,"13,965","+/- 3,014",93,+/- 114,"67,545","+/- 6,353","2,677","+/- 1,184",260,+/- 220,"64,608","+/- 6,311"
Indiana,"6,612,948","+/- 4,582","5,614,432","+/- 25,211","821,113","+/- 19,953","145,256","+/- 9,569",966,+/- 611,138,+/- 195,"3,009","+/- 1,795","1,271",+/- 648,"6,811","+/- 2,595","4,695","+/- 2,000",722,+/- 388,868,+/- 854,32,+/- 55,"8,650","+/- 2,177","4,525","+/- 2,128",47,+/- 73,887,+/- 925,"31,556","+/- 4,715",N/A,N/A,311,+/- 394,918,+/- 729,"9,224","+/- 2,232",747,+/- 481,128,+/- 148,"1,192",+/- 613,"1,010","+/- 1,023","7,972","+/- 1,715","1,345",+/- 661,"1,134","+/- 1,110","4,404","+/- 1,517",248,+/- 222,286,+/- 312,"1,470","+/- 1,515",348,+/- 353,"2,482","+/- 1,310",666,+/- 660,"1,512",+/- 597,"2,589",+/- 865,0,+/- 198,"14,794","+/- 3,017","1,316",+/- 775,"1,020",+/- 647,"2,764","+/- 1,074",0,+/- 198,"2,473","+/- 1,272",0,+/- 198,"5,409","+/- 1,799","6,321","+/- 1,611",608,+/- 413,30,+/- 44,"2,453","+/- 1,001","1,192",+/- 581,477,+/- 580,"3,228","+/- 1,190","1,008",+/- 979,"32,147","+/- 5,376","2,561","+/- 1,249",64,+/- 93,"29,522","+/- 5,080"
Iowa,"3,119,306","+/- 2,428","2,662,849","+/- 14,455","371,285","+/- 12,931","74,199","+/- 4,846",148,+/- 149,66,+/- 110,"2,021","+/- 1,036",410,+/- 262,"4,408","+/- 1,728","4,856","+/- 1,323",23,+/- 48,0,+/- 163,382,+/- 443,"1,931","+/- 1,023",140,+/- 177,689,+/- 638,111,+/- 99,"15,699","+/- 2,154","1,251",+/- 761,N/A,N/A,"2,274","+/- 1,144",393,+/- 271,360,+/- 366,101,+/- 188,0,+/- 163,514,+/- 336,"1,504",+/- 742,"6,286","+/- 1,920",379,+/- 521,"4,338","+/- 1,462",499,+/- 327,"8,119","+/- 1,668",817,+/- 496,0,+/- 163,20,+/- 37,358,+/- 432,438,+/- 306,502,+/- 472,495,+/- 440,969,+/- 539,711,+/- 485,173,+/- 155,367,+/- 386,0,+/- 163,174,+/- 228,"1,664",+/- 518,588,+/- 485,"3,400",+/- 895,506,+/- 659,0,+/- 163,298,+/- 274,"1,244",+/- 528,0,+/- 163,"4,333","+/- 1,404",240,+/- 183,"10,973","+/- 2,506",633,+/- 717,0,+/- 163,"10,340","+/- 2,342"
Kansas,"2,874,208","+/- 2,798","2,392,841","+/- 17,716","371,025","+/- 16,909","95,748","+/- 7,841",476,+/- 254,378,+/- 406,"1,801","+/- 1,070","1,507","+/- 1,044","5,660","+/- 2,244","3,808","+/- 1,278",322,+/- 349,0,+/- 177,350,+/- 472,"3,991","+/- 1,575","1,072",+/- 713,564,+/- 650,449,+/- 429,"2,839","+/- 1,226",731,+/- 518,"3,704","+/- 1,148",N/A,N/A,739,+/- 508,"1,097",+/- 814,0,+/- 177,871,+/- 651,"1,424","+/- 1,243",825,+/- 800,835,+/- 762,176,+/- 237,"27,726","+/- 4,253",411,+/- 439,"2,042",+/- 764,636,+/- 416,0,+/- 177,613,+/- 450,683,+/- 360,"1,656","+/- 1,058","1,178",+/- 892,0,+/- 177,"3,377","+/- 1,888","7,757","+/- 2,829",456,+/- 327,967,"+/- 1,219",0,+/- 177,287,+/- 193,381,+/- 257,"1,159","+/- 1,216","7,554","+/- 2,057","1,170","+/- 1,081",0,+/- 177,"1,368",+/- 941,"1,064",+/- 538,90,+/- 118,948,+/- 677,606,+/- 375,"14,594","+/- 2,669",152,+/- 178,82,+/- 117,"14,360","+/- 2,671"
Kentucky,"4,414,714","+/- 3,279","3,744,188","+/- 18,273","547,535","+/- 17,640","110,456","+/- 8,385","2,055","+/- 1,170",115,+/- 154,"1,480",+/- 768,397,+/- 314,"2,052",+/- 744,"1,643","+/- 1,087",327,+/- 456,389,+/- 536,175,+/- 172,"7,426","+/- 2,008","3,638",+/- 986,402,+/- 329,"2,215","+/- 2,105","5,108","+/- 1,767","11,241","+/- 2,576",265,+/- 213,"3,016","+/- 2,337",N/A,N/A,722,+/- 387,118,+/- 144,"1,689",+/- 935,239,+/- 288,"2,912","+/- 1,223",434,+/- 316,407,+/- 301,"2,910","+/- 1,029",109,+/- 129,90,+/- 133,270,+/- 252,179,+/- 155,114,+/- 99,598,+/- 568,"3,283","+/- 1,796","3,796","+/- 1,295",61,+/- 106,"15,246","+/- 2,973","1,130",+/- 692,"1,044",+/- 657,"1,908",+/- 722,0,+/- 197,"1,440",+/- 702,132,+/- 93,"12,498","+/- 3,506","6,360","+/- 2,362","1,201",+/- 792,0,+/- 197,"3,673","+/- 1,516","1,238",+/- 732,"3,776","+/- 1,370",935,+/- 622,0,+/- 197,"12,535","+/- 2,534","1,122",+/- 927,188,+/- 212,"11,225","+/- 2,396"
Louisiana,"4,603,081","+/- 3,921","4,033,845","+/- 20,655","474,843","+/- 19,702","81,355","+/- 7,131","1,462",+/- 541,515,+/- 551,276,+/- 216,"1,653",+/- 714,"5,743","+/- 2,122","2,397",+/- 949,584,+/- 515,53,+/- 97,196,+/- 170,"2,878","+/- 1,261","5,901","+/- 2,246","1,117",+/- 931,69,+/- 112,"2,205","+/- 1,086",458,+/- 386,100,+/- 122,"1,056","+/- 1,137","3,041","+/- 2,940",N/A,N/A,35,+/- 58,516,+/- 306,630,+/- 397,"1,637","+/- 1,087",274,+/- 374,"7,505","+/- 2,676",679,+/- 571,222,+/- 313,44,+/- 82,"2,065","+/- 1,499",0,+/- 217,629,+/- 520,"1,235","+/- 1,122","2,106",+/- 916,813,+/- 497,0,+/- 217,963,+/- 755,469,+/- 516,609,+/- 410,687,+/- 363,0,+/- 217,"1,205",+/- 642,291,+/- 409,"1,561",+/- 579,"23,588","+/- 5,199",603,+/- 739,0,+/- 217,"1,330",+/- 762,884,+/- 456,567,+/- 663,407,+/- 355,97,+/- 166,"13,038","+/- 2,659",238,+/- 285,30,+/- 50,"12,770","+/- 2,619"
Maine,"1,324,095","+/- 1,563","1,143,612","+/- 8,051","142,453","+/- 7,284","34,706","+/- 3,872",0,+/- 170,47,+/- 82,765,+/- 349,0,+/- 170,850,+/- 393,840,+/- 836,"1,734",+/- 756,29,+/- 50,235,+/- 271,"2,082",+/- 732,235,+/- 184,55,+/- 100,308,+/- 364,180,+/- 228,204,+/- 278,0,+/- 170,67,+/- 109,512,+/- 510,38,+/- 64,N/A,N/A,377,+/- 330,"5,775","+/- 1,727","1,320","+/- 1,074",75,+/- 94,214,+/- 244,349,+/- 295,246,+/- 207,0,+/- 170,23,+/- 41,"4,731","+/- 1,532",389,+/- 278,97,+/- 94,"2,909","+/- 1,134","1,049",+/- 651,134,+/- 226,788,+/- 587,217,+/- 281,181,+/- 207,"1,393",+/- 594,317,+/- 240,503,+/- 623,71,+/- 111,583,+/- 367,"2,386","+/- 1,004",142,+/- 162,997,+/- 497,874,+/- 719,283,+/- 207,0,+/- 170,102,+/- 120,0,+/- 170,"3,324",+/- 899,0,+/- 170,0,+/- 170,"3,324",+/- 899
Maryland,"5,974,521","+/- 4,649","5,133,916","+/- 25,668","630,955","+/- 20,758","163,216","+/- 10,535",647,+/- 294,485,+/- 486,"2,240",+/- 901,785,+/- 607,"7,924","+/- 2,111","1,168",+/- 593,"1,890","+/- 1,155","5,811","+/- 1,494","21,093","+/- 3,922","11,989","+/- 2,744","3,676","+/- 1,601",892,+/- 555,470,+/- 319,"1,827",+/- 764,"1,048","+/- 1,018",322,+/- 335,573,+/- 633,745,+/- 547,"1,281",+/- 795,990,+/- 805,N/A,N/A,"1,753",+/- 703,"1,635",+/- 706,284,+/- 265,888,"+/- 1,039","1,253",+/- 947,223,+/- 218,576,+/- 407,120,+/- 132,"1,065",+/- 807,"6,333","+/- 1,507","1,195",+/- 853,"8,372","+/- 1,774","6,582","+/- 1,764",291,+/- 267,"3,098","+/- 1,217",831,+/- 723,916,+/- 611,"12,461","+/- 2,628",138,+/- 168,"2,515",+/- 977,154,+/- 180,"1,670",+/- 908,"7,408","+/- 2,374","1,852","+/- 1,129",44,+/- 73,"26,522","+/- 4,254","1,881","+/- 1,051","5,422","+/- 1,758","1,731","+/- 1,687",147,+/- 238,"46,434","+/- 5,298","1,962","+/- 1,166",941,+/- 556,"43,531","+/- 5,086"
Massachusetts,"6,834,364","+/- 3,940","5,970,065","+/- 27,037","653,940","+/- 24,452","144,042","+/- 7,468",483,+/- 498,241,+/- 232,"1,554",+/- 848,222,+/- 193,"13,901","+/- 3,029","1,174",+/- 528,"14,224","+/- 2,577",887,+/- 524,"1,557",+/- 598,"9,455","+/- 2,074","2,988","+/- 1,262",257,+/- 297,44,+/- 86,"3,415",+/- 911,819,+/- 449,79,+/- 85,747,+/- 538,399,+/- 300,633,+/- 483,"3,188","+/- 1,509","3,439",+/- 997,N/A,N/A,"2,118",+/- 689,"1,578",+/- 585,78,+/- 130,"1,227",+/- 877,216,+/- 335,194,+/- 310,321,+/- 324,"11,251","+/- 2,186","8,026","+/- 2,393",78,+/- 97,"19,960","+/- 3,351","3,170","+/- 1,171",0,+/- 211,"1,123",+/- 474,261,+/- 243,"1,013",+/- 555,"6,014","+/- 1,366","10,630","+/- 2,867","1,135",+/- 643,52,+/- 86,"2,139","+/- 1,055","4,116","+/- 1,530",466,+/- 541,"1,979",+/- 747,"4,260","+/- 1,295","2,069",+/- 659,115,+/- 128,703,+/- 431,44,+/- 72,"66,317","+/- 6,542","5,677","+/- 1,887",186,+/- 250,"60,454","+/- 5,948"
Michigan,"9,891,083","+/- 5,094","8,562,101","+/- 27,627","1,144,840","+/- 25,036","139,276","+/- 9,581",537,+/- 277,"1,025",+/- 512,"4,028","+/- 1,614",755,+/- 409,"11,239","+/- 3,427","3,337",+/- 971,"1,388",+/- 935,86,+/- 96,256,+/- 275,"12,601","+/- 2,462","1,477",+/- 625,496,+/- 334,509,+/- 413,"10,193","+/- 1,808","12,702","+/- 2,914",506,+/- 347,"1,825","+/- 1,160","2,221","+/- 1,039","1,254",+/- 728,410,+/- 326,"1,174",+/- 588,"3,536",+/- 953,N/A,N/A,"1,195",+/- 604,"1,124",+/- 574,"1,926","+/- 1,174",527,+/- 410,"1,147",+/- 683,"1,684",+/- 832,622,+/- 529,"2,313",+/- 995,331,+/- 327,"6,478","+/- 2,416","3,767","+/- 1,438",311,+/- 205,"13,625","+/- 2,768",396,+/- 250,"1,265",+/- 903,"4,263","+/- 1,731",42,+/- 69,"2,627","+/- 1,097",354,+/- 341,"4,017","+/- 1,138","7,873","+/- 2,620",599,+/- 410,142,+/- 245,"4,095","+/- 1,531","3,169","+/- 1,789",115,+/- 125,"3,613","+/- 1,058",101,+/- 148,"44,866","+/- 5,380",397,+/- 326,90,+/- 153,"44,379","+/- 5,395"
Minnesota,"5,543,490","+/- 3,354","4,781,432","+/- 18,432","635,928","+/- 16,956","100,270","+/- 6,150",976,+/- 686,363,+/- 250,"2,176",+/- 752,621,+/- 439,"4,915","+/- 1,258","2,605","+/- 1,001",342,+/- 262,0,+/- 147,141,+/- 233,"5,720","+/- 1,834",727,+/- 367,241,+/- 260,544,+/- 365,"8,454","+/- 1,728","1,388",+/- 741,"4,626",+/- 968,936,+/- 558,443,+/- 312,382,+/- 297,249,+/- 341,"1,330",+/- 622,819,+/- 441,"2,043",+/- 664,N/A,N/A,415,+/- 341,"2,483",+/- 969,812,+/- 501,"1,830",+/- 930,848,+/- 493,110,+/- 127,231,+/- 178,406,+/- 351,"3,536","+/- 1,168","1,934",+/- 924,"9,793","+/- 1,838","1,134",+/- 543,"1,111",+/- 626,974,+/- 628,"1,282",+/- 789,202,+/- 274,151,+/- 178,"3,896","+/- 1,032","1,220",+/- 647,"4,757","+/- 1,510",626,+/- 454,85,+/- 93,810,+/- 265,"5,889","+/- 2,821",0,+/- 147,"15,270","+/- 2,140",424,+/- 557,"25,860","+/- 2,968",100,+/- 124,47,+/- 78,"25,713","+/- 2,963"
Mississippi,"2,955,717","+/- 2,710","2,582,347","+/- 16,553","297,788","+/- 14,562","68,000","+/- 7,708","8,401","+/- 2,735",191,+/- 185,674,+/- 438,696,+/- 323,"2,066","+/- 1,002",284,+/- 214,0,+/- 218,0,+/- 218,99,+/- 169,"3,369","+/- 1,357","3,358","+/- 1,159",489,+/- 680,0,+/- 218,"3,245","+/- 1,743","2,858","+/- 2,431",70,+/- 145,583,+/- 460,251,+/- 247,"12,049","+/- 3,775",52,+/- 94,391,+/- 316,346,+/- 427,675,+/- 534,28,+/- 52,N/A,N/A,"1,991",+/- 930,432,+/- 462,59,+/- 111,"1,023",+/- 767,0,+/- 218,154,+/- 231,0,+/- 218,"1,319",+/- 935,357,+/- 324,71,+/- 80,799,+/- 642,413,+/- 293,55,+/- 89,"1,071",+/- 605,0,+/- 218,658,+/- 401,0,+/- 218,"10,004","+/- 3,281","5,853","+/- 1,831",468,+/- 596,0,+/- 218,695,+/- 395,128,+/- 223,285,+/- 416,"1,243","+/- 1,031",747,+/- 364,"7,582","+/- 2,152",303,+/- 341,334,+/- 236,"6,945","+/- 2,037"
Missouri,"6,053,109","+/- 4,138","5,161,553","+/- 20,177","720,626","+/- 18,922","152,326","+/- 8,935","2,378","+/- 1,148",882,+/- 768,"2,009","+/- 1,075","8,166","+/- 2,624","8,156","+/- 1,869","8,782","+/- 4,040",361,+/- 249,235,+/- 324,461,+/- 448,"7,112","+/- 1,539","1,919",+/- 911,322,+/- 263,276,+/- 329,"20,041","+/- 2,749","3,462","+/- 1,458","4,904","+/- 1,398","21,037","+/- 3,491","2,042",+/- 876,"2,063",+/- 932,182,+/- 235,682,+/- 479,497,+/- 281,"2,369","+/- 1,001","2,160",+/- 929,"2,814","+/- 1,053",N/A,N/A,499,+/- 485,"2,071",+/- 772,"1,481",+/- 830,0,+/- 190,"1,628",+/- 927,605,+/- 486,"3,210","+/- 1,464","2,432",+/- 961,190,+/- 212,"2,286","+/- 1,450","4,602","+/- 1,429",546,+/- 393,"1,605",+/- 905,40,+/- 67,"2,259","+/- 1,945",522,+/- 408,"3,153","+/- 1,254","10,799","+/- 2,491","2,886","+/- 2,063",236,+/- 278,"3,228","+/- 1,442","2,521","+/- 1,092",59,+/- 97,"1,546",+/- 874,610,+/- 460,"18,604","+/- 3,207",777,+/- 617,106,+/- 132,"17,721","+/- 3,217"
Montana,"1,051,757","+/- 1,381","891,554","+/- 8,487","113,693","+/- 6,464","43,375","+/- 4,560",540,+/- 447,986,+/- 563,"1,787","+/- 1,092",19,+/- 34,"4,991","+/- 1,595","2,921",+/- 844,323,+/- 419,0,+/- 172,0,+/- 172,"1,263",+/- 774,892,+/- 950,225,+/- 255,"2,157","+/- 1,086",549,+/- 493,391,+/- 294,142,+/- 212,"1,031",+/- 856,26,+/- 43,106,+/- 125,54,+/- 79,0,+/- 172,413,+/- 427,142,+/- 161,"2,505","+/- 2,087",0,+/- 172,187,+/- 228,N/A,N/A,93,+/- 112,251,+/- 201,257,+/- 312,90,+/- 103,"1,118",+/- 894,183,+/- 204,372,+/- 351,"1,978","+/- 1,594",733,+/- 664,239,+/- 208,"3,284","+/- 1,860",271,+/- 207,0,+/- 172,675,+/- 644,375,+/- 283,240,+/- 336,"2,198","+/- 1,197",891,"+/- 1,112",56,+/- 91,248,+/- 286,"5,450","+/- 1,434",0,+/- 172,774,+/- 843,"1,949",+/- 767,"3,135","+/- 1,247",131,+/- 224,364,+/- 541,"2,640","+/- 1,130"
Nebraska,"1,905,843","+/- 2,229","1,602,056","+/- 12,636","239,853","+/- 10,425","54,579","+/- 5,668",268,+/- 295,34,+/- 57,"1,351",+/- 677,236,+/- 222,"4,148","+/- 1,590","4,835","+/- 1,745",348,+/- 345,0,+/- 161,100,+/- 164,"1,111",+/- 582,982,+/- 605,420,+/- 316,19,+/- 33,"1,696",+/- 701,669,+/- 514,"6,072","+/- 1,228","4,355","+/- 2,111",607,+/- 448,199,+/- 279,7,+/- 11,579,+/- 419,512,+/- 489,665,+/- 470,"2,242",+/- 868,353,+/- 495,"2,835","+/- 1,079",108,+/- 103,N/A,N/A,567,+/- 387,0,+/- 161,255,+/- 244,455,+/- 560,770,+/- 605,"1,362",+/- 960,393,+/- 295,771,+/- 579,795,+/- 402,818,+/- 853,285,+/- 445,70,+/- 115,72,+/- 89,"2,753","+/- 1,097",920,+/- 710,"6,429","+/- 2,145",448,+/- 346,0,+/- 161,674,+/- 625,654,+/- 392,41,+/- 76,336,+/- 267,960,+/- 627,"9,355","+/- 2,326",40,+/- 70,10,+/- 19,"9,305","+/- 2,324"
Nevada,"3,003,761","+/- 2,581","2,495,398","+/- 19,156","366,629","+/- 16,899","127,362","+/- 9,279",397,+/- 372,458,+/- 365,"6,999","+/- 2,594",49,+/- 81,"50,707","+/- 6,547","3,724","+/- 1,317",198,+/- 219,98,+/- 166,43,+/- 76,"4,018","+/- 1,650","1,511",+/- 862,"4,959","+/- 2,469",875,+/- 442,"2,938","+/- 1,258",850,"+/- 1,051",508,+/- 498,412,+/- 298,846,+/- 690,657,+/- 503,0,+/- 211,474,+/- 409,"1,992","+/- 1,320","1,157",+/- 794,"1,070",+/- 798,459,+/- 292,"1,130",+/- 728,515,+/- 386,671,+/- 577,N/A,N/A,165,+/- 127,"2,179",+/- 863,"2,121","+/- 1,302","2,770",+/- 957,903,+/- 561,0,+/- 211,"1,913","+/- 1,071","1,304",+/- 613,"3,113","+/- 1,469","1,559",+/- 828,88,+/- 147,615,+/- 554,3,+/- 5,837,+/- 474,"5,129","+/- 1,756","7,133","+/- 3,090",26,+/- 43,"1,616",+/- 951,"6,231","+/- 1,507",0,+/- 211,"1,151",+/- 710,791,+/- 660,"14,372","+/- 2,825",564,+/- 440,911,+/- 558,"12,897","+/- 2,519"
New Hampshire,"1,344,750","+/- 1,556","1,170,412","+/- 9,723","119,936","+/- 8,415","48,367","+/- 4,520",158,+/- 209,45,+/- 80,704,+/- 511,569,+/- 461,"1,263",+/- 681,385,+/- 364,"1,298",+/- 636,238,+/- 224,95,+/- 119,"3,806","+/- 1,634",533,+/- 291,151,+/- 203,0,+/- 192,0,+/- 192,327,+/- 345,14,+/- 25,41,+/- 73,270,+/- 439,0,+/- 192,"4,016","+/- 1,488",423,+/- 260,"20,416","+/- 2,819","1,002",+/- 958,52,+/- 68,0,+/- 192,359,+/- 409,0,+/- 192,0,+/- 192,453,+/- 326,N/A,N/A,534,+/- 333,102,+/- 166,"1,276",+/- 492,"1,714","+/- 1,195",60,+/- 101,258,+/- 425,79,+/- 132,230,+/- 266,"1,585",+/- 923,864,+/- 406,"1,027",+/- 978,0,+/- 192,246,+/- 283,786,+/- 453,31,+/- 66,"1,725",+/- 631,836,+/- 485,198,+/- 211,0,+/- 192,198,+/- 254,0,+/- 192,"6,035","+/- 1,599","1,041",+/- 916,0,+/- 192,"4,994","+/- 1,431"
New Jersey,"8,815,804","+/- 5,090","7,870,909","+/- 27,774","722,620","+/- 23,628","159,846","+/- 11,726",147,+/- 183,67,+/- 85,"1,626",+/- 566,0,+/- 210,"9,613","+/- 2,114","1,505",+/- 731,"2,187",+/- 866,"1,720",+/- 881,"1,187",+/- 539,"13,591","+/- 3,056","1,817",+/- 934,305,+/- 266,255,+/- 310,972,+/- 408,312,+/- 335,163,+/- 199,248,+/- 386,112,+/- 145,353,+/- 336,101,+/- 177,"2,788",+/- 945,"4,754","+/- 1,678",960,+/- 753,353,+/- 349,239,+/- 226,336,+/- 271,0,+/- 210,167,+/- 281,204,+/- 227,946,+/- 744,N/A,N/A,0,+/- 210,"64,810","+/- 7,804","6,359","+/- 1,882",288,+/- 295,"4,034","+/- 1,959",254,+/- 208,195,+/- 231,"24,132","+/- 4,015",223,+/- 240,"1,242",+/- 659,0,+/- 210,431,+/- 332,"6,504","+/- 2,045",19,+/- 31,0,+/- 210,"2,011",+/- 712,"1,507","+/- 1,328",304,+/- 314,505,+/- 357,0,+/- 210,"62,429","+/- 6,193","5,863","+/- 2,370",32,+/- 48,"56,534","+/- 5,436"
New Mexico,"2,072,546","+/- 2,647","1,797,834","+/- 15,105","204,099","+/- 13,898","60,068","+/- 6,617","1,099",+/- 776,197,+/- 166,"3,284","+/- 1,147",352,+/- 274,"7,524","+/- 2,090","4,877","+/- 1,577",55,+/- 92,0,+/- 201,30,+/- 59,"2,196","+/- 1,301",232,+/- 383,313,+/- 287,665,+/- 511,482,+/- 422,0,+/- 201,434,+/- 420,378,+/- 311,129,+/- 218,524,+/- 496,257,+/- 407,162,+/- 183,449,+/- 356,851,+/- 547,641,+/- 481,"1,010","+/- 1,080",675,+/- 513,303,+/- 244,344,+/- 405,868,+/- 537,538,+/- 603,"1,021",+/- 778,N/A,N/A,"1,099",+/- 443,405,+/- 293,205,+/- 336,"1,090",+/- 899,"2,159","+/- 1,547","2,009",+/- 975,"1,086","+/- 1,063",0,+/- 201,"1,270","+/- 1,104",0,+/- 201,776,+/- 514,"14,250","+/- 3,445","1,199",+/- 751,192,+/- 213,987,+/- 748,"2,714","+/- 1,373",204,+/- 261,285,+/- 244,248,+/- 279,"10,545","+/- 2,691",725,"+/- 1,012",245,+/- 225,"9,575","+/- 2,441"
New York,"19,329,704","+/- 7,489","17,327,068","+/- 36,048","1,614,505","+/- 32,857","254,447","+/- 9,994","1,395",+/- 687,415,+/- 344,"3,541","+/- 1,439",52,+/- 87,"25,255","+/- 3,255","4,553","+/- 1,480","14,420","+/- 2,311","1,328",+/- 632,"2,802",+/- 970,"24,084","+/- 4,093","7,994","+/- 2,681","1,181",+/- 662,491,+/- 572,"5,977","+/- 1,409","2,007",+/- 793,"2,352","+/- 2,080","1,262",+/- 546,986,+/- 802,"2,069",+/- 798,731,+/- 372,"7,775","+/- 2,063","13,568","+/- 1,914","3,743","+/- 1,307","1,286",+/- 651,447,+/- 470,"2,335",+/- 806,372,+/- 336,866,+/- 877,"1,853",+/- 792,"2,474","+/- 1,029","36,401","+/- 3,579",647,+/- 360,N/A,N/A,"9,270","+/- 2,605",294,+/- 448,"5,284","+/- 1,442","1,303",+/- 610,"1,414",+/- 747,"19,339","+/- 3,361","1,362",+/- 715,"4,457","+/- 1,535",431,+/- 534,"3,144","+/- 1,243","14,708","+/- 2,967",364,+/- 302,"4,072","+/- 1,085","9,302","+/- 1,918","1,962",+/- 679,"1,126",+/- 655,"1,935",+/- 860,18,+/- 34,"133,684","+/- 8,451","9,431","+/- 2,872",582,+/- 318,"123,671","+/- 7,226"
North Carolina,"10,274,540","+/- 4,937","8,723,401","+/- 36,579","1,178,884","+/- 32,327","318,681","+/- 14,755","3,287","+/- 1,262","1,562",+/- 728,"2,622",+/- 969,"1,897",+/- 948,"17,536","+/- 3,401","5,471","+/- 1,968","2,702","+/- 1,271","1,988","+/- 1,812","2,031",+/- 742,"37,585","+/- 5,425","17,020","+/- 2,890","3,402","+/- 2,708",244,+/- 255,"6,544","+/- 2,204","3,506","+/- 1,459","1,976","+/- 1,347","1,815",+/- 941,"3,906","+/- 1,229","2,454","+/- 1,008","1,235",+/- 878,"8,717","+/- 2,731","5,822","+/- 1,980","5,793","+/- 1,790","3,342","+/- 2,998","3,441","+/- 1,854","2,993","+/- 1,068",331,+/- 417,"1,052",+/- 584,857,+/- 752,"1,862","+/- 1,091","11,947","+/- 3,271","2,306","+/- 1,610","25,596","+/- 4,168",N/A,N/A,177,+/- 217,"9,431","+/- 2,358","2,034","+/- 1,101","3,066","+/- 1,366","12,058","+/- 2,702","1,535","+/- 1,710","26,091","+/- 3,845",57,+/- 100,"7,476","+/- 2,384","18,748","+/- 3,731","1,735",+/- 991,"1,208",+/- 742,"27,843","+/- 3,265","6,790","+/- 3,095","4,624","+/- 1,449","1,920",+/- 904,"1,046",+/- 920,"53,574","+/- 5,403","2,393","+/- 1,366",819,+/- 657,"50,362","+/- 5,138"
North Dakota,"749,825","+/- 1,391","623,183","+/- 7,019","89,228","+/- 6,522","33,735","+/- 4,338",4,+/- 10,112,+/- 125,530,+/- 393,464,+/- 589,"1,040",+/- 573,522,+/- 372,0,+/- 161,0,+/- 161,53,+/- 94,"1,355",+/- 786,"1,194","+/- 1,017",204,+/- 229,433,+/- 379,467,+/- 323,113,+/- 178,166,+/- 196,306,+/- 252,0,+/- 161,778,+/- 538,0,+/- 161,281,+/- 393,0,+/- 161,411,+/- 344,"10,670","+/- 2,201",275,+/- 274,540,+/- 585,"2,167","+/- 1,028",13,+/- 27,14,+/- 30,0,+/- 161,170,+/- 278,"1,285","+/- 1,229","2,105","+/- 1,446",179,+/- 230,N/A,N/A,139,+/- 188,"1,631","+/- 1,576",399,+/- 365,733,+/- 665,0,+/- 161,114,+/- 170,"1,225",+/- 682,644,+/- 831,"1,098",+/- 559,321,+/- 253,0,+/- 161,132,+/- 163,683,+/- 475,0,+/- 161,475,+/- 392,290,+/- 302,"3,679","+/- 1,446",119,+/- 137,279,+/- 376,"3,281","+/- 1,235"
Ohio,"11,555,163","+/- 5,668","9,892,715","+/- 29,438","1,426,959","+/- 27,610","198,026","+/- 10,200","1,744",+/- 766,"1,200",+/- 868,"2,432","+/- 1,126",583,+/- 348,"8,799","+/- 1,945","2,216","+/- 1,159","2,510","+/- 1,230",996,"+/- 1,076",789,+/- 527,"15,037","+/- 3,018","5,178","+/- 2,443",735,+/- 612,334,+/- 380,"9,797","+/- 2,280","14,252","+/- 4,223","2,395","+/- 1,217",803,+/- 432,"16,598","+/- 2,767","1,463","+/- 1,229",761,+/- 762,"2,272",+/- 895,"3,415","+/- 1,157","15,409","+/- 3,331","1,405",+/- 955,"2,527","+/- 1,479","3,410","+/- 1,383",677,+/- 512,"1,796","+/- 1,455","1,460",+/- 788,28,+/- 42,"3,585","+/- 1,241","1,148",+/- 991,"9,067","+/- 2,185","5,818","+/- 1,622",221,+/- 279,N/A,N/A,35,+/- 51,"1,737",+/- 683,"16,881","+/- 2,848",42,+/- 71,"4,605","+/- 1,855",134,+/- 155,"5,467","+/- 1,848","8,189","+/- 2,309","1,922","+/- 1,244",314,+/- 404,"6,695","+/- 1,809","2,032",+/- 777,"6,260","+/- 1,694","2,778","+/- 1,685",75,+/- 120,"37,463","+/- 4,801","2,248","+/- 1,377",353,+/- 383,"34,862","+/- 4,598"
Oklahoma,"3,895,983","+/- 2,671","3,226,343","+/- 19,150","548,493","+/- 16,807","106,943","+/- 7,091",541,+/- 461,661,+/- 614,"3,631","+/- 1,566","8,526","+/- 1,964","8,330","+/- 2,307","4,039","+/- 1,202",0,+/- 161,0,+/- 161,0,+/- 161,"5,489","+/- 1,991","1,590",+/- 566,931,+/- 722,216,+/- 192,"3,201","+/- 1,302",813,+/- 399,603,+/- 350,"5,393","+/- 1,599",214,+/- 168,"2,107",+/- 843,0,+/- 161,871,+/- 736,701,+/- 434,"1,395",+/- 595,"1,167",+/- 636,446,+/- 428,"5,861","+/- 1,776",46,+/- 89,965,+/- 704,"1,106",+/- 974,0,+/- 161,390,+/- 550,"1,528",+/- 677,"1,221",+/- 611,819,+/- 449,13,+/- 25,932,+/- 493,N/A,N/A,"1,595",+/- 877,941,+/- 714,56,+/- 94,803,+/- 454,302,+/- 222,"2,210","+/- 1,156","31,551","+/- 4,224","1,944","+/- 1,424",152,+/- 211,"1,352",+/- 805,"1,258",+/- 799,0,+/- 161,392,+/- 221,641,+/- 585,"14,204","+/- 2,621","1,221",+/- 583,56,+/- 95,"12,927","+/- 2,612"
Oregon,"4,152,756","+/- 2,818","3,438,653","+/- 21,057","554,097","+/- 19,988","140,627","+/- 8,621",315,+/- 228,"4,317","+/- 2,090","7,736","+/- 2,320",436,+/- 435,"43,058","+/- 5,282","3,292","+/- 1,224",157,+/- 194,0,+/- 207,226,+/- 215,"3,824","+/- 1,391","1,203",+/- 576,"2,729",+/- 993,"5,745","+/- 1,933","2,022",+/- 968,854,+/- 720,139,+/- 193,899,+/- 632,942,+/- 889,238,+/- 278,406,+/- 390,327,+/- 385,"1,425","+/- 1,050","2,412","+/- 1,340","1,693",+/- 835,"1,070",+/- 804,681,+/- 653,"1,515",+/- 585,96,+/- 169,"5,375","+/- 1,690",0,+/- 207,"1,143",+/- 692,"1,440",+/- 917,"2,842","+/- 1,289","3,570","+/- 1,828",238,+/- 297,"1,390",+/- 558,700,+/- 437,N/A,N/A,"1,107",+/- 561,0,+/- 207,817,+/- 707,354,+/- 309,303,+/- 266,"5,403","+/- 1,927","2,512","+/- 1,209",495,+/- 471,"1,628",+/- 743,"21,672","+/- 3,477",185,+/- 307,419,+/- 309,"1,277",+/- 885,"19,379","+/- 2,985",0,+/- 207,20,+/- 31,"19,359","+/- 2,984"
Pennsylvania,"12,674,699","+/- 5,544","11,119,060","+/- 29,386","1,239,854","+/- 27,201","253,520","+/- 11,151","1,202",+/- 809,553,+/- 356,"3,269","+/- 1,259","1,486","+/- 1,028","11,568","+/- 1,919","4,822","+/- 1,788","3,891","+/- 1,189","5,999","+/- 1,828","1,336",+/- 515,"17,029","+/- 3,045","4,255","+/- 1,289",783,+/- 697,110,+/- 134,"3,659","+/- 1,202","2,045",+/- 757,365,+/- 334,"1,065",+/- 726,921,+/- 531,986,+/- 575,916,+/- 593,"20,660","+/- 3,765","5,651","+/- 1,428","3,138","+/- 1,338","2,019",+/- 907,"1,287",+/- 855,979,+/- 549,328,+/- 304,328,+/- 297,409,+/- 374,917,+/- 405,"43,726","+/- 4,615","1,335","+/- 1,450","43,048","+/- 5,742","7,579","+/- 1,943",446,+/- 536,"12,317","+/- 2,238","1,576",+/- 930,"1,451","+/- 1,045",N/A,N/A,535,+/- 344,"3,272",+/- 975,455,+/- 558,"2,566","+/- 1,222","9,760","+/- 2,314","2,041","+/- 1,724","1,002",+/- 685,"10,010","+/- 2,378","3,059",+/- 917,"5,485","+/- 1,588","1,725",+/- 771,156,+/- 158,"62,265","+/- 6,309","11,188","+/- 3,271",813,+/- 462,"50,264","+/- 5,417"
Rhode Island,"1,047,975","+/- 1,870","928,114","+/- 8,740","78,525","+/- 6,998","32,841","+/- 3,919",183,+/- 315,0,+/- 220,50,+/- 86,0,+/- 220,"2,219",+/- 868,504,+/- 521,"4,791","+/- 1,825",0,+/- 220,45,+/- 88,657,+/- 365,739,+/- 616,0,+/- 220,42,+/- 83,293,+/- 212,0,+/- 220,0,+/- 220,0,+/- 220,86,+/- 136,0,+/- 220,606,+/- 372,521,+/- 529,"11,413","+/- 2,948",151,+/- 159,0,+/- 220,0,+/- 220,287,+/- 285,0,+/- 220,37,+/- 74,42,+/- 69,677,+/- 349,"1,038",+/- 433,43,+/- 77,"3,252","+/- 1,188",673,+/- 538,173,+/- 229,623,+/- 345,0,+/- 220,87,+/- 147,422,+/- 300,N/A,N/A,43,+/- 84,0,+/- 220,0,+/- 220,960,+/- 764,194,+/- 233,134,+/- 154,"1,278",+/- 872,501,+/- 458,0,+/- 220,77,+/- 95,0,+/- 220,"8,495","+/- 2,974",662,+/- 822,165,+/- 273,"7,668","+/- 2,872"
South Carolina,"5,029,034","+/- 4,100","4,309,043","+/- 19,661","511,153","+/- 17,925","186,505","+/- 10,214","4,636","+/- 2,614",715,+/- 563,"1,460",+/- 912,"1,382","+/- 1,146","12,103","+/- 2,660","1,622",+/- 720,"6,800","+/- 2,684",978,+/- 679,743,+/- 472,"15,772","+/- 3,155","16,110","+/- 3,195",857,+/- 558,0,+/- 214,"3,454","+/- 1,089","3,095","+/- 1,128","1,036",+/- 811,"1,091",+/- 854,"1,408",+/- 715,"1,913","+/- 1,178",192,+/- 157,"7,826","+/- 2,287","4,451","+/- 1,592","2,721","+/- 1,087",366,+/- 478,895,+/- 611,"2,960","+/- 1,110",553,+/- 562,541,+/- 392,375,+/- 287,787,+/- 544,"4,921","+/- 1,074",944,+/- 597,"12,721","+/- 3,004","27,734","+/- 4,557",498,+/- 547,"5,784","+/- 1,331",228,+/- 195,748,+/- 400,"7,040","+/- 1,754","1,684","+/- 1,206",N/A,N/A,200,+/- 197,"5,666","+/- 2,374","5,387","+/- 1,624","2,112","+/- 1,768",439,+/- 444,"6,507","+/- 1,426","3,842","+/- 1,860","1,299",+/- 901,"1,643","+/- 1,357",266,+/- 444,"22,333","+/- 4,693","3,505","+/- 2,884",450,+/- 456,"18,378","+/- 3,654"
South Dakota,"871,271","+/- 1,414","740,970","+/- 7,483","100,177","+/- 7,064","26,775","+/- 3,764",84,+/- 146,0,+/- 163,241,+/- 255,0,+/- 163,"2,073",+/- 953,797,+/- 498,0,+/- 163,0,+/- 163,0,+/- 163,"2,128","+/- 1,136",968,+/- 691,0,+/- 163,297,+/- 345,841,+/- 685,144,+/- 182,"3,275","+/- 1,078",906,+/- 917,57,+/- 96,408,+/- 567,0,+/- 163,144,+/- 205,0,+/- 163,150,+/- 172,"3,822","+/- 1,138",231,+/- 318,191,+/- 156,428,+/- 409,"3,735","+/- 1,336",56,+/- 120,56,+/- 96,0,+/- 163,299,+/- 259,359,+/- 435,188,+/- 205,"1,986","+/- 1,127",0,+/- 163,0,+/- 163,37,+/- 69,194,+/- 243,0,+/- 163,612,+/- 585,N/A,N/A,301,+/- 282,279,+/- 223,76,+/- 121,0,+/- 163,157,+/- 213,567,+/- 508,0,+/- 163,37,+/- 54,651,+/- 494,"3,349","+/- 1,373",262,+/- 443,61,+/- 94,"3,026","+/- 1,230"
Tennessee,"6,692,936","+/- 4,573","5,706,212","+/- 25,189","748,791","+/- 24,332","209,377","+/- 12,422","8,547","+/- 1,999","1,137","+/- 1,219","2,886","+/- 1,016","4,841","+/- 1,540","9,682","+/- 2,557","5,410","+/- 2,777","1,784","+/- 1,164",53,+/- 93,203,+/- 195,"26,724","+/- 5,611","17,439","+/- 3,341","1,515",+/- 989,148,+/- 189,"9,857","+/- 2,634","4,928","+/- 1,801",588,+/- 544,796,+/- 503,"13,720","+/- 3,341","2,226","+/- 1,323",576,+/- 582,"1,470","+/- 1,013","3,592","+/- 3,135","4,814","+/- 1,699",375,+/- 317,"11,641","+/- 3,142","5,139","+/- 1,705",122,+/- 151,913,+/- 782,789,+/- 686,649,+/- 582,"2,231",+/- 915,366,+/- 359,"5,312","+/- 1,612","9,388","+/- 2,523",285,+/- 263,"6,273","+/- 1,703","2,130",+/- 900,"2,314","+/- 1,201","2,504","+/- 1,100",183,+/- 225,"6,061","+/- 1,964","1,722",+/- 319,N/A,N/A,"12,046","+/- 2,550","1,186",+/- 927,77,+/- 139,"8,172","+/- 1,896","3,245","+/- 1,139","1,705","+/- 1,498","1,492","+/- 1,218",121,+/- 132,"28,556","+/- 4,119","1,615","+/- 1,100",147,+/- 139,"26,794","+/- 4,127"
Texas,"28,333,482","+/- 10,498","23,992,374","+/- 61,744","3,575,604","+/- 57,916","563,945","+/- 24,840","5,945","+/- 2,230","2,375","+/- 1,153","18,628","+/- 4,438","14,377","+/- 3,519","86,164","+/- 8,052","21,509","+/- 4,209","3,762","+/- 1,974","1,275","+/- 1,090","1,059",+/- 675,"37,262","+/- 6,241","14,235","+/- 3,347","7,986","+/- 3,279","3,494","+/- 1,534","19,241","+/- 3,174","9,704","+/- 3,157","6,379","+/- 2,298","12,049","+/- 3,751","3,841","+/- 1,674","29,108","+/- 4,647",815,+/- 661,"13,777","+/- 3,379","5,528","+/- 2,176","8,070","+/- 2,524","7,291","+/- 2,101","8,663","+/- 3,278","21,257","+/- 4,567","1,626","+/- 1,070","2,959","+/- 1,270","6,215","+/- 1,860","1,166",+/- 890,"5,906","+/- 1,640","17,670","+/- 4,533","18,925","+/- 3,654","17,954","+/- 3,454","2,456","+/- 1,219","9,600","+/- 2,601","24,590","+/- 4,313","6,457","+/- 2,244","9,143","+/- 3,237",933,+/- 920,"8,806","+/- 2,967","1,979","+/- 1,305","12,229","+/- 3,224",N/A,N/A,"6,287","+/- 1,879",569,+/- 631,"18,731","+/- 4,861","16,855","+/- 4,469",924,+/- 655,"5,844","+/- 3,518","2,327","+/- 1,220","201,559","+/- 15,023","11,057","+/- 3,135",823,+/- 613,"189,679","+/- 14,038"
Utah,"3,114,717","+/- 3,345","2,583,764","+/- 17,461","408,033","+/- 13,986","100,824","+/- 7,505",315,+/- 357,494,+/- 453,"6,827","+/- 2,086",896,+/- 858,"18,025","+/- 3,176","4,181","+/- 1,351",720,+/- 682,61,+/- 108,149,+/- 143,"2,743","+/- 1,095","2,665","+/- 1,297","2,533","+/- 1,659","8,574","+/- 2,204","1,737",+/- 830,355,+/- 258,754,+/- 556,964,+/- 689,368,+/- 308,241,+/- 289,98,+/- 172,743,+/- 392,"1,909","+/- 1,430","1,477","+/- 1,331",531,+/- 451,216,+/- 279,977,+/- 557,"1,548",+/- 909,377,+/- 259,"4,383","+/- 1,708",269,+/- 261,646,+/- 453,"1,014",+/- 577,"3,413","+/- 1,455",767,+/- 563,482,+/- 506,"1,382",+/- 704,127,+/- 130,"5,136","+/- 1,929","1,104",+/- 827,50,+/- 85,246,+/- 335,318,+/- 262,814,+/- 644,"7,528","+/- 2,137",N/A,N/A,0,+/- 193,"1,526",+/- 701,"8,186","+/- 3,535",75,+/- 126,"1,346",+/- 771,"1,534",+/- 875,"22,096","+/- 4,992",0,+/- 193,0,+/- 193,"22,096","+/- 4,992"
Vermont,"621,681",+/- 937,"542,177","+/- 5,046","50,818","+/- 4,088","26,306","+/- 3,523",124,+/- 175,0,+/- 157,205,+/- 199,0,+/- 157,"1,380",+/- 776,649,+/- 458,"2,251",+/- 782,0,+/- 157,134,+/- 111,"2,105",+/- 927,170,+/- 153,98,+/- 168,0,+/- 157,75,+/- 88,31,+/- 61,53,+/- 92,0,+/- 157,740,"+/- 1,028",24,+/- 38,455,+/- 342,357,+/- 232,"3,819","+/- 1,118",107,+/- 120,461,+/- 419,0,+/- 157,126,+/- 152,0,+/- 157,27,+/- 44,110,+/- 142,"2,877","+/- 1,204","1,343",+/- 906,101,+/- 164,"4,535","+/- 1,244",266,+/- 299,0,+/- 157,201,+/- 285,71,+/- 78,125,+/- 177,520,+/- 270,235,+/- 159,178,+/- 188,0,+/- 157,305,+/- 320,427,+/- 267,329,+/- 155,N/A,N/A,903,+/- 851,165,+/- 209,0,+/- 157,179,+/- 200,45,+/- 53,"2,380",+/- 890,5,+/- 11,0,+/- 157,"2,375",+/- 888
Virginia,"8,424,340","+/- 5,001","7,142,767","+/- 30,604","947,475","+/- 29,018","274,003","+/- 13,094","3,426","+/- 1,469","1,235",+/- 649,"4,162","+/- 2,181","1,002",+/- 554,"21,210","+/- 3,319","4,557","+/- 1,356","3,254","+/- 1,008","1,306",+/- 948,"11,821","+/- 1,876","20,272","+/- 3,975","7,894","+/- 2,168","3,116","+/- 1,343",166,+/- 202,"7,025","+/- 1,478","2,259",+/- 967,"1,388","+/- 1,092","1,875",+/- 978,"2,431","+/- 1,029","2,609","+/- 1,190",535,+/- 334,"28,366","+/- 3,594","5,622","+/- 1,537","3,135","+/- 1,106","1,616",+/- 793,"2,832","+/- 1,959","4,988","+/- 1,898",0,+/- 206,407,+/- 419,"1,198",+/- 758,"1,464","+/- 1,261","9,605","+/- 2,922","1,394",+/- 635,"17,983","+/- 3,526","23,916","+/- 3,563",470,+/- 398,"6,308","+/- 1,596","1,778","+/- 1,143",497,+/- 304,"13,013","+/- 2,967","1,810","+/- 1,000","8,776","+/- 2,499",223,+/- 212,"7,963","+/- 2,390","14,918","+/- 2,567","2,847","+/- 1,465",607,+/- 385,N/A,N/A,"6,404","+/- 2,435","2,423",+/- 829,"1,631",+/- 708,266,+/- 227,"60,095","+/- 6,045","2,328","+/- 1,038","1,245","+/- 1,003","56,522","+/- 6,064"
Washington,"7,453,439","+/- 4,565","6,101,533","+/- 28,433","1,028,654","+/- 26,957","260,906","+/- 14,324",495,+/- 417,"3,520","+/- 1,054","14,252","+/- 3,623",953,+/- 557,"55,467","+/- 5,595","10,122","+/- 3,384","1,785",+/- 785,131,+/- 156,"1,837","+/- 1,290","8,084","+/- 2,295","5,899","+/- 2,201","3,416","+/- 1,322","11,911","+/- 3,043","5,382","+/- 1,522","1,118",+/- 697,647,+/- 498,"1,318",+/- 833,475,+/- 252,"1,278",+/- 943,421,+/- 542,"4,526","+/- 2,088","4,418","+/- 2,002","3,607","+/- 1,353","2,131",+/- 812,614,+/- 489,"2,837","+/- 1,155","4,467","+/- 1,530","1,354",+/- 717,"4,222","+/- 1,579",580,+/- 505,"4,488","+/- 2,117","1,950",+/- 991,"7,539","+/- 2,446","5,432","+/- 1,747","1,414","+/- 1,107","3,080","+/- 1,366","3,423","+/- 2,230","31,642","+/- 4,484","3,105","+/- 1,473",225,+/- 263,"2,025","+/- 1,261",163,+/- 162,"2,567","+/- 1,362","18,425","+/- 4,395","7,466","+/- 2,327",8,+/- 13,"5,887","+/- 2,060",N/A,N/A,182,+/- 210,"3,381","+/- 1,343","1,237",+/- 692,"62,346","+/- 6,857","1,477","+/- 1,065",696,+/- 527,"60,173","+/- 6,871"
West Virginia,"1,787,630","+/- 2,061","1,585,832","+/- 8,806","156,420","+/- 8,563","43,841","+/- 4,205",83,+/- 108,0,+/- 201,272,+/- 353,288,+/- 316,524,+/- 507,798,+/- 663,639,+/- 479,419,+/- 247,328,+/- 296,"1,722",+/- 756,582,+/- 461,42,+/- 57,0,+/- 201,564,+/- 526,"1,227","+/- 1,030",0,+/- 201,113,+/- 117,"1,061",+/- 536,572,+/- 700,74,+/- 130,"3,876","+/- 1,128",384,+/- 469,321,+/- 216,70,+/- 105,0,+/- 201,71,+/- 83,0,+/- 201,0,+/- 201,27,+/- 46,0,+/- 201,546,+/- 474,35,+/- 62,640,+/- 424,"1,889",+/- 929,0,+/- 201,"7,299","+/- 2,189",49,+/- 87,135,+/- 164,"6,291","+/- 1,868",0,+/- 201,"2,329","+/- 1,318",45,+/- 78,"2,631","+/- 1,558",516,+/- 365,111,+/- 188,0,+/- 201,"6,646","+/- 1,807",185,+/- 243,N/A,N/A,437,+/- 402,0,+/- 201,"1,537",+/- 579,220,+/- 261,0,+/- 201,"1,317",+/- 533
Wisconsin,"5,751,525","+/- 3,027","4,960,260","+/- 19,314","659,159","+/- 17,572","114,613","+/- 6,968",572,+/- 482,484,+/- 599,"2,883","+/- 1,187",292,+/- 229,"6,642","+/- 2,397","3,321","+/- 1,313",614,+/- 526,211,+/- 293,109,+/- 141,"5,593","+/- 2,009","2,016","+/- 1,261",449,+/- 340,129,+/- 150,"25,155","+/- 2,627","2,663",+/- 861,"3,072","+/- 1,082","1,186",+/- 693,"1,661",+/- 664,518,+/- 359,186,+/- 245,579,+/- 401,"1,160",+/- 783,"4,737","+/- 1,351","19,632","+/- 2,361",559,+/- 532,"2,670",+/- 963,410,+/- 389,345,+/- 351,"1,350",+/- 667,251,+/- 236,"1,098",+/- 932,"1,950","+/- 1,691","1,246",+/- 542,"1,853",+/- 810,414,+/- 253,"3,759","+/- 1,474",790,+/- 614,"1,550",+/- 969,"1,537",+/- 807,27,+/- 34,619,+/- 433,374,+/- 345,"1,330",+/- 783,"3,977","+/- 1,384","1,252",+/- 977,110,+/- 120,869,+/- 409,"1,938",+/- 758,265,+/- 265,N/A,N/A,206,+/- 182,"17,493","+/- 2,722","2,285","+/- 1,343",0,+/- 151,"15,208","+/- 2,299"
Wyoming,"570,867","+/- 1,239","479,561","+/- 7,122","62,957","+/- 6,074","25,734","+/- 3,856",639,+/- 672,0,+/- 203,934,+/- 692,392,+/- 301,"1,604",+/- 763,"5,632","+/- 2,013",12,+/- 24,0,+/- 203,0,+/- 203,"1,159",+/- 748,40,+/- 56,55,+/- 84,367,+/- 387,214,+/- 178,227,+/- 290,30,+/- 41,675,+/- 631,568,+/- 627,72,+/- 94,15,+/- 28,0,+/- 203,251,+/- 228,"1,117","+/- 1,100",59,+/- 73,65,+/- 90,914,+/- 756,"1,501",+/- 896,782,+/- 424,286,+/- 313,335,+/- 423,5,+/- 9,512,+/- 463,393,+/- 409,367,+/- 359,721,+/- 512,473,+/- 689,306,+/- 440,888,+/- 861,146,+/- 137,88,+/- 149,54,+/- 94,750,+/- 548,104,+/- 170,"1,354",+/- 812,911,+/- 551,0,+/- 203,197,+/- 242,373,+/- 265,118,+/- 215,29,+/- 61,N/A,N/A,"2,615","+/- 1,269",119,+/- 189,0,+/- 203,"2,496","+/- 1,254"
Puerto Rico,"3,173,956","+/- 2,199","2,915,696","+/- 14,840","234,174","+/- 14,034","20,900","+/- 4,606",0,+/- 228,0,+/- 228,195,+/- 300,0,+/- 228,520,+/- 422,722,"+/- 1,093","1,008",+/- 992,0,+/- 228,0,+/- 228,"5,916","+/- 2,269",173,+/- 184,212,+/- 345,0,+/- 228,594,+/- 529,0,+/- 228,0,+/- 228,0,+/- 228,0,+/- 228,0,+/- 228,0,+/- 228,202,+/- 216,"1,789","+/- 1,235",0,+/- 228,0,+/- 228,0,+/- 228,0,+/- 228,0,+/- 228,0,+/- 228,85,+/- 158,160,+/- 279,"1,758",+/- 830,0,+/- 228,"2,334","+/- 1,234",335,+/- 373,0,+/- 228,0,+/- 228,0,+/- 228,48,+/- 80,"1,214",+/- 800,411,+/- 667,103,+/- 161,0,+/- 228,123,+/- 211,"2,394","+/- 1,264",0,+/- 228,0,+/- 228,473,+/- 478,0,+/- 228,0,+/- 228,131,+/- 230,0,+/- 228,"3,186",+/- 975,N/A,N/A,250,+/- 244,"2,936",+/- 941
